score,strategy,total_trades,long_trades,short_trades,wins,win_rate,profit_factor,total_pnl_pct,max_drawdown_pct,sharpe_ratio,avg_win_pct,avg_loss_pct,avg_bars_held,buy_hold_pct,train_pnl,test_pnl,train_wr,test_wr,train_trades,test_trades,p,params
0.2862,momentum,141,75,66,63,44.68,1.0947,3.9127,5.477,0.6302,0.7176,-0.5295,11.0,9.336219859055417,-0.7242,4.637,44.62,44.74,65,76,"{'strat': 'momentum', 'rsi_l': (30, 60), 'rsi_s': (45, 75), 'sl_m': 1.5, 'tp_m': 2.5, 'max_bars': 48, 'cooldown': 4, 'adx_min': 20, 'be_after_r': 0.0, 'trailing': False}","{'strat': 'momentum', 'rsi_l': (30, 60), 'rsi_s': (45, 75), 'sl_m': 1.5, 'tp_m': 2.5, 'max_bars': 48, 'cooldown': 4, 'adx_min': 20, 'be_after_r': 0.0, 'trailing': False}"
0.2862,momentum,141,75,66,63,44.68,1.0947,3.9127,5.477,0.6302,0.7176,-0.5295,11.0,9.336219859055417,-0.7242,4.637,44.62,44.74,65,76,"{'strat': 'momentum', 'rsi_l': (30, 60), 'rsi_s': (45, 75), 'sl_m': 1.5, 'tp_m': 2.5, 'max_bars': 48, 'cooldown': 4, 'adx_min': 20, 'be_after_r': 0.0, 'trailing': True}","{'strat': 'momentum', 'rsi_l': (30, 60), 'rsi_s': (45, 75), 'sl_m': 1.5, 'tp_m': 2.5, 'max_bars': 48, 'cooldown': 4, 'adx_min': 20, 'be_after_r': 0.0, 'trailing': True}"
0.268,momentum,138,73,65,61,44.2,1.0502,2.0589,5.477,0.345,0.7056,-0.5323,10.7,9.336219859055417,-1.9713,4.0301,43.75,44.59,64,74,"{'strat': 'momentum', 'rsi_l': (30, 60), 'rsi_s': (45, 75), 'sl_m': 1.5, 'tp_m': 2.5, 'max_bars': 48, 'cooldown': 8, 'adx_min': 20, 'be_after_r': 0.0, 'trailing': False}","{'strat': 'momentum', 'rsi_l': (30, 60), 'rsi_s': (45, 75), 'sl_m': 1.5, 'tp_m': 2.5, 'max_bars': 48, 'cooldown': 8, 'adx_min': 20, 'be_after_r': 0.0, 'trailing': False}"
0.268,momentum,138,73,65,61,44.2,1.0502,2.0589,5.477,0.345,0.7056,-0.5323,10.7,9.336219859055417,-1.9713,4.0301,43.75,44.59,64,74,"{'strat': 'momentum', 'rsi_l': (30, 60), 'rsi_s': (45, 75), 'sl_m': 1.5, 'tp_m': 2.5, 'max_bars': 48, 'cooldown': 8, 'adx_min': 20, 'be_after_r': 0.0, 'trailing': True}","{'strat': 'momentum', 'rsi_l': (30, 60), 'rsi_s': (45, 75), 'sl_m': 1.5, 'tp_m': 2.5, 'max_bars': 48, 'cooldown': 8, 'adx_min': 20, 'be_after_r': 0.0, 'trailing': True}"
0.0,momentum,240,29,211,81,33.75,0.7051,-13.864,13.0885,-1.9115,0.4092,-0.2957,3.6,9.336219859055417,-9.0615,-4.8025,31.93,35.54,119,121,"{'strat': 'momentum', 'rsi_l': (28, 55), 'rsi_s': (42, 72), 'sl_m': 0.75, 'tp_m': 1.5, 'max_bars': 24, 'cooldown': 4, 'adx_min': 20, 'be_after_r': 0.0, 'trailing': False}","{'strat': 'momentum', 'rsi_l': (28, 55), 'rsi_s': (42, 72), 'sl_m': 0.75, 'tp_m': 1.5, 'max_bars': 24, 'cooldown': 4, 'adx_min': 20, 'be_after_r': 0.0, 'trailing': False}"
0.0,momentum,240,29,211,81,33.75,0.7051,-13.864,13.0885,-1.9115,0.4092,-0.2957,3.6,9.336219859055417,-9.0615,-4.8025,31.93,35.54,119,121,"{'strat': 'momentum', 'rsi_l': (28, 55), 'rsi_s': (42, 72), 'sl_m': 0.75, 'tp_m': 1.5, 'max_bars': 24, 'cooldown': 4, 'adx_min': 20, 'be_after_r': 0.0, 'trailing': True}","{'strat': 'momentum', 'rsi_l': (28, 55), 'rsi_s': (42, 72), 'sl_m': 0.75, 'tp_m': 1.5, 'max_bars': 24, 'cooldown': 4, 'adx_min': 20, 'be_after_r': 0.0, 'trailing': True}"
0.0,momentum,240,29,211,60,25.0,0.7487,-8.4527,8.3826,-1.3942,0.4198,-0.1869,2.6,9.336219859055417,-4.494,-3.9587,22.69,27.27,119,121,"{'strat': 'momentum', 'rsi_l': (28, 55), 'rsi_s': (42, 72), 'sl_m': 0.75, 'tp_m': 1.5, 'max_bars': 24, 'cooldown': 4, 'adx_min': 20, 'be_after_r': 0.5, 'trailing': False}","{'strat': 'momentum', 'rsi_l': (28, 55), 'rsi_s': (42, 72), 'sl_m': 0.75, 'tp_m': 1.5, 'max_bars': 24, 'cooldown': 4, 'adx_min': 20, 'be_after_r': 0.5, 'trailing': False}"
0.0,momentum,240,29,211,79,32.92,0.7795,-7.1387,8.0422,-1.1915,0.3194,-0.2011,2.5,9.336219859055417,-2.9782,-4.1605,31.93,33.88,119,121,"{'strat': 'momentum', 'rsi_l': (28, 55), 'rsi_s': (42, 72), 'sl_m': 0.75, 'tp_m': 1.5, 'max_bars': 24, 'cooldown': 4, 'adx_min': 20, 'be_after_r': 0.5, 'trailing': True}","{'strat': 'momentum', 'rsi_l': (28, 55), 'rsi_s': (42, 72), 'sl_m': 0.75, 'tp_m': 1.5, 'max_bars': 24, 'cooldown': 4, 'adx_min': 20, 'be_after_r': 0.5, 'trailing': True}"
0.0,momentum,240,29,211,72,30.0,0.7043,-12.3724,11.7651,-1.8159,0.4093,-0.2491,3.2,9.336219859055417,-8.2213,-4.1511,28.57,31.4,119,121,"{'strat': 'momentum', 'rsi_l': (28, 55), 'rsi_s': (42, 72), 'sl_m': 0.75, 'tp_m': 1.5, 'max_bars': 24, 'cooldown': 4, 'adx_min': 20, 'be_after_r': 1.0, 'trailing': False}","{'strat': 'momentum', 'rsi_l': (28, 55), 'rsi_s': (42, 72), 'sl_m': 0.75, 'tp_m': 1.5, 'max_bars': 24, 'cooldown': 4, 'adx_min': 20, 'be_after_r': 1.0, 'trailing': False}"
0.0,momentum,240,29,211,93,38.75,0.7449,-10.3698,9.9786,-1.527,0.3256,-0.2765,3.1,9.336219859055417,-7.3221,-3.0477,35.29,42.15,119,121,"{'strat': 'momentum', 'rsi_l': (28, 55), 'rsi_s': (42, 72), 'sl_m': 0.75, 'tp_m': 1.5, 'max_bars': 24, 'cooldown': 4, 'adx_min': 20, 'be_after_r': 1.0, 'trailing': True}","{'strat': 'momentum', 'rsi_l': (28, 55), 'rsi_s': (42, 72), 'sl_m': 0.75, 'tp_m': 1.5, 'max_bars': 24, 'cooldown': 4, 'adx_min': 20, 'be_after_r': 1.0, 'trailing': True}"
0.0,momentum,223,27,196,73,32.74,0.6918,-13.6317,12.8784,-2.0839,0.4191,-0.2948,3.6,9.336219859055417,-10.1697,-3.462,30.17,35.51,116,107,"{'strat': 'momentum', 'rsi_l': (28, 55), 'rsi_s': (42, 72), 'sl_m': 0.75, 'tp_m': 1.5, 'max_bars': 24, 'cooldown': 8, 'adx_min': 20, 'be_after_r': 0.0, 'trailing': False}","{'strat': 'momentum', 'rsi_l': (28, 55), 'rsi_s': (42, 72), 'sl_m': 0.75, 'tp_m': 1.5, 'max_bars': 24, 'cooldown': 8, 'adx_min': 20, 'be_after_r': 0.0, 'trailing': False}"
0.0,momentum,223,27,196,73,32.74,0.6918,-13.6317,12.8784,-2.0839,0.4191,-0.2948,3.6,9.336219859055417,-10.1697,-3.462,30.17,35.51,116,107,"{'strat': 'momentum', 'rsi_l': (28, 55), 'rsi_s': (42, 72), 'sl_m': 0.75, 'tp_m': 1.5, 'max_bars': 24, 'cooldown': 8, 'adx_min': 20, 'be_after_r': 0.0, 'trailing': True}","{'strat': 'momentum', 'rsi_l': (28, 55), 'rsi_s': (42, 72), 'sl_m': 0.75, 'tp_m': 1.5, 'max_bars': 24, 'cooldown': 8, 'adx_min': 20, 'be_after_r': 0.0, 'trailing': True}"
0.0,momentum,223,27,196,55,24.66,0.7554,-7.7445,7.6052,-1.4006,0.4349,-0.1885,2.6,9.336219859055417,-5.3191,-2.4254,21.55,28.04,116,107,"{'strat': 'momentum', 'rsi_l': (28, 55), 'rsi_s': (42, 72), 'sl_m': 0.75, 'tp_m': 1.5, 'max_bars': 24, 'cooldown': 8, 'adx_min': 20, 'be_after_r': 0.5, 'trailing': False}","{'strat': 'momentum', 'rsi_l': (28, 55), 'rsi_s': (42, 72), 'sl_m': 0.75, 'tp_m': 1.5, 'max_bars': 24, 'cooldown': 8, 'adx_min': 20, 'be_after_r': 0.5, 'trailing': False}"
0.0,momentum,223,27,196,71,31.84,0.782,-6.6656,7.1558,-1.2197,0.3368,-0.2012,2.4,9.336219859055417,-3.8033,-2.8623,31.03,32.71,116,107,"{'strat': 'momentum', 'rsi_l': (28, 55), 'rsi_s': (42, 72), 'sl_m': 0.75, 'tp_m': 1.5, 'max_bars': 24, 'cooldown': 8, 'adx_min': 20, 'be_after_r': 0.5, 'trailing': True}","{'strat': 'momentum', 'rsi_l': (28, 55), 'rsi_s': (42, 72), 'sl_m': 0.75, 'tp_m': 1.5, 'max_bars': 24, 'cooldown': 8, 'adx_min': 20, 'be_after_r': 0.5, 'trailing': True}"
0.0,momentum,223,27,196,65,29.15,0.6929,-12.1629,11.5741,-1.9697,0.4222,-0.2507,3.1,9.336219859055417,-9.3294,-2.8335,26.72,31.78,116,107,"{'strat': 'momentum', 'rsi_l': (28, 55), 'rsi_s': (42, 72), 'sl_m': 0.75, 'tp_m': 1.5, 'max_bars': 24, 'cooldown': 8, 'adx_min': 20, 'be_after_r': 1.0, 'trailing': False}","{'strat': 'momentum', 'rsi_l': (28, 55), 'rsi_s': (42, 72), 'sl_m': 0.75, 'tp_m': 1.5, 'max_bars': 24, 'cooldown': 8, 'adx_min': 20, 'be_after_r': 1.0, 'trailing': False}"
0.0,momentum,223,27,196,82,36.77,0.7234,-10.6896,10.2598,-1.7394,0.3409,-0.274,3.0,9.336219859055417,-8.4302,-2.2593,33.62,40.19,116,107,"{'strat': 'momentum', 'rsi_l': (28, 55), 'rsi_s': (42, 72), 'sl_m': 0.75, 'tp_m': 1.5, 'max_bars': 24, 'cooldown': 8, 'adx_min': 20, 'be_after_r': 1.0, 'trailing': True}","{'strat': 'momentum', 'rsi_l': (28, 55), 'rsi_s': (42, 72), 'sl_m': 0.75, 'tp_m': 1.5, 'max_bars': 24, 'cooldown': 8, 'adx_min': 20, 'be_after_r': 1.0, 'trailing': True}"
0.0,momentum,240,29,211,82,34.17,0.7449,-11.9059,11.3757,-1.6036,0.4239,-0.2954,3.8,9.336219859055417,-9.0615,-2.8444,31.93,36.36,119,121,"{'strat': 'momentum', 'rsi_l': (28, 55), 'rsi_s': (42, 72), 'sl_m': 0.75, 'tp_m': 1.5, 'max_bars': 48, 'cooldown': 4, 'adx_min': 20, 'be_after_r': 0.0, 'trailing': False}","{'strat': 'momentum', 'rsi_l': (28, 55), 'rsi_s': (42, 72), 'sl_m': 0.75, 'tp_m': 1.5, 'max_bars': 48, 'cooldown': 4, 'adx_min': 20, 'be_after_r': 0.0, 'trailing': False}"
0.0,momentum,240,29,211,82,34.17,0.7449,-11.9059,11.3757,-1.6036,0.4239,-0.2954,3.8,9.336219859055417,-9.0615,-2.8444,31.93,36.36,119,121,"{'strat': 'momentum', 'rsi_l': (28, 55), 'rsi_s': (42, 72), 'sl_m': 0.75, 'tp_m': 1.5, 'max_bars': 48, 'cooldown': 4, 'adx_min': 20, 'be_after_r': 0.0, 'trailing': True}","{'strat': 'momentum', 'rsi_l': (28, 55), 'rsi_s': (42, 72), 'sl_m': 0.75, 'tp_m': 1.5, 'max_bars': 48, 'cooldown': 4, 'adx_min': 20, 'be_after_r': 0.0, 'trailing': True}"
0.0,momentum,240,29,211,60,25.0,0.7487,-8.4527,8.3826,-1.3942,0.4198,-0.1869,2.6,9.336219859055417,-4.494,-3.9587,22.69,27.27,119,121,"{'strat': 'momentum', 'rsi_l': (28, 55), 'rsi_s': (42, 72), 'sl_m': 0.75, 'tp_m': 1.5, 'max_bars': 48, 'cooldown': 4, 'adx_min': 20, 'be_after_r': 0.5, 'trailing': False}","{'strat': 'momentum', 'rsi_l': (28, 55), 'rsi_s': (42, 72), 'sl_m': 0.75, 'tp_m': 1.5, 'max_bars': 48, 'cooldown': 4, 'adx_min': 20, 'be_after_r': 0.5, 'trailing': False}"
0.0,momentum,240,29,211,79,32.92,0.7795,-7.1387,8.0422,-1.1915,0.3194,-0.2011,2.5,9.336219859055417,-2.9782,-4.1605,31.93,33.88,119,121,"{'strat': 'momentum', 'rsi_l': (28, 55), 'rsi_s': (42, 72), 'sl_m': 0.75, 'tp_m': 1.5, 'max_bars': 48, 'cooldown': 4, 'adx_min': 20, 'be_after_r': 0.5, 'trailing': True}","{'strat': 'momentum', 'rsi_l': (28, 55), 'rsi_s': (42, 72), 'sl_m': 0.75, 'tp_m': 1.5, 'max_bars': 48, 'cooldown': 4, 'adx_min': 20, 'be_after_r': 0.5, 'trailing': True}"
0.0,momentum,240,29,211,72,30.0,0.7043,-12.3724,11.7651,-1.8159,0.4093,-0.2491,3.2,9.336219859055417,-8.2213,-4.1511,28.57,31.4,119,121,"{'strat': 'momentum', 'rsi_l': (28, 55), 'rsi_s': (42, 72), 'sl_m': 0.75, 'tp_m': 1.5, 'max_bars': 48, 'cooldown': 4, 'adx_min': 20, 'be_after_r': 1.0, 'trailing': False}","{'strat': 'momentum', 'rsi_l': (28, 55), 'rsi_s': (42, 72), 'sl_m': 0.75, 'tp_m': 1.5, 'max_bars': 48, 'cooldown': 4, 'adx_min': 20, 'be_after_r': 1.0, 'trailing': False}"
0.0,momentum,240,29,211,93,38.75,0.7449,-10.3698,9.9786,-1.527,0.3256,-0.2765,3.1,9.336219859055417,-7.3221,-3.0477,35.29,42.15,119,121,"{'strat': 'momentum', 'rsi_l': (28, 55), 'rsi_s': (42, 72), 'sl_m': 0.75, 'tp_m': 1.5, 'max_bars': 48, 'cooldown': 4, 'adx_min': 20, 'be_after_r': 1.0, 'trailing': True}","{'strat': 'momentum', 'rsi_l': (28, 55), 'rsi_s': (42, 72), 'sl_m': 0.75, 'tp_m': 1.5, 'max_bars': 48, 'cooldown': 4, 'adx_min': 20, 'be_after_r': 1.0, 'trailing': True}"
0.0,momentum,223,27,196,74,33.18,0.734,-11.6736,11.1615,-1.7405,0.4353,-0.2945,3.7,9.336219859055417,-10.1697,-1.5039,30.17,36.45,116,107,"{'strat': 'momentum', 'rsi_l': (28, 55), 'rsi_s': (42, 72), 'sl_m': 0.75, 'tp_m': 1.5, 'max_bars': 48, 'cooldown': 8, 'adx_min': 20, 'be_after_r': 0.0, 'trailing': False}","{'strat': 'momentum', 'rsi_l': (28, 55), 'rsi_s': (42, 72), 'sl_m': 0.75, 'tp_m': 1.5, 'max_bars': 48, 'cooldown': 8, 'adx_min': 20, 'be_after_r': 0.0, 'trailing': False}"
0.0,momentum,223,27,196,74,33.18,0.734,-11.6736,11.1615,-1.7405,0.4353,-0.2945,3.7,9.336219859055417,-10.1697,-1.5039,30.17,36.45,116,107,"{'strat': 'momentum', 'rsi_l': (28, 55), 'rsi_s': (42, 72), 'sl_m': 0.75, 'tp_m': 1.5, 'max_bars': 48, 'cooldown': 8, 'adx_min': 20, 'be_after_r': 0.0, 'trailing': True}","{'strat': 'momentum', 'rsi_l': (28, 55), 'rsi_s': (42, 72), 'sl_m': 0.75, 'tp_m': 1.5, 'max_bars': 48, 'cooldown': 8, 'adx_min': 20, 'be_after_r': 0.0, 'trailing': True}"
0.0,momentum,223,27,196,55,24.66,0.7554,-7.7445,7.6052,-1.4006,0.4349,-0.1885,2.6,9.336219859055417,-5.3191,-2.4254,21.55,28.04,116,107,"{'strat': 'momentum', 'rsi_l': (28, 55), 'rsi_s': (42, 72), 'sl_m': 0.75, 'tp_m': 1.5, 'max_bars': 48, 'cooldown': 8, 'adx_min': 20, 'be_after_r': 0.5, 'trailing': False}","{'strat': 'momentum', 'rsi_l': (28, 55), 'rsi_s': (42, 72), 'sl_m': 0.75, 'tp_m': 1.5, 'max_bars': 48, 'cooldown': 8, 'adx_min': 20, 'be_after_r': 0.5, 'trailing': False}"
0.0,momentum,223,27,196,71,31.84,0.782,-6.6656,7.1558,-1.2197,0.3368,-0.2012,2.4,9.336219859055417,-3.8033,-2.8623,31.03,32.71,116,107,"{'strat': 'momentum', 'rsi_l': (28, 55), 'rsi_s': (42, 72), 'sl_m': 0.75, 'tp_m': 1.5, 'max_bars': 48, 'cooldown': 8, 'adx_min': 20, 'be_after_r': 0.5, 'trailing': True}","{'strat': 'momentum', 'rsi_l': (28, 55), 'rsi_s': (42, 72), 'sl_m': 0.75, 'tp_m': 1.5, 'max_bars': 48, 'cooldown': 8, 'adx_min': 20, 'be_after_r': 0.5, 'trailing': True}"
0.0,momentum,223,27,196,65,29.15,0.6929,-12.1629,11.5741,-1.9697,0.4222,-0.2507,3.1,9.336219859055417,-9.3294,-2.8335,26.72,31.78,116,107,"{'strat': 'momentum', 'rsi_l': (28, 55), 'rsi_s': (42, 72), 'sl_m': 0.75, 'tp_m': 1.5, 'max_bars': 48, 'cooldown': 8, 'adx_min': 20, 'be_after_r': 1.0, 'trailing': False}","{'strat': 'momentum', 'rsi_l': (28, 55), 'rsi_s': (42, 72), 'sl_m': 0.75, 'tp_m': 1.5, 'max_bars': 48, 'cooldown': 8, 'adx_min': 20, 'be_after_r': 1.0, 'trailing': False}"
0.0,momentum,223,27,196,82,36.77,0.7234,-10.6896,10.2598,-1.7394,0.3409,-0.274,3.0,9.336219859055417,-8.4302,-2.2593,33.62,40.19,116,107,"{'strat': 'momentum', 'rsi_l': (28, 55), 'rsi_s': (42, 72), 'sl_m': 0.75, 'tp_m': 1.5, 'max_bars': 48, 'cooldown': 8, 'adx_min': 20, 'be_after_r': 1.0, 'trailing': True}","{'strat': 'momentum', 'rsi_l': (28, 55), 'rsi_s': (42, 72), 'sl_m': 0.75, 'tp_m': 1.5, 'max_bars': 48, 'cooldown': 8, 'adx_min': 20, 'be_after_r': 1.0, 'trailing': True}"
0.0,momentum,240,29,211,77,32.08,0.7021,-17.8667,16.594,-1.8895,0.547,-0.368,5.8,9.336219859055417,-9.1719,-8.6948,31.09,33.06,119,121,"{'strat': 'momentum', 'rsi_l': (28, 55), 'rsi_s': (42, 72), 'sl_m': 1.0, 'tp_m': 2.0, 'max_bars': 24, 'cooldown': 4, 'adx_min': 20, 'be_after_r': 0.0, 'trailing': False}","{'strat': 'momentum', 'rsi_l': (28, 55), 'rsi_s': (42, 72), 'sl_m': 1.0, 'tp_m': 2.0, 'max_bars': 24, 'cooldown': 4, 'adx_min': 20, 'be_after_r': 0.0, 'trailing': False}"
0.0,momentum,240,29,211,77,32.08,0.7021,-17.8667,16.594,-1.8895,0.547,-0.368,5.8,9.336219859055417,-9.1719,-8.6948,31.09,33.06,119,121,"{'strat': 'momentum', 'rsi_l': (28, 55), 'rsi_s': (42, 72), 'sl_m': 1.0, 'tp_m': 2.0, 'max_bars': 24, 'cooldown': 4, 'adx_min': 20, 'be_after_r': 0.0, 'trailing': True}","{'strat': 'momentum', 'rsi_l': (28, 55), 'rsi_s': (42, 72), 'sl_m': 1.0, 'tp_m': 2.0, 'max_bars': 24, 'cooldown': 4, 'adx_min': 20, 'be_after_r': 0.0, 'trailing': True}"
0.0,momentum,240,29,211,45,18.75,0.7229,-10.0466,10.0021,-1.4204,0.5823,-0.1859,3.5,9.336219859055417,-4.9123,-5.1344,15.97,21.49,119,121,"{'strat': 'momentum', 'rsi_l': (28, 55), 'rsi_s': (42, 72), 'sl_m': 1.0, 'tp_m': 2.0, 'max_bars': 24, 'cooldown': 4, 'adx_min': 20, 'be_after_r': 0.5, 'trailing': False}","{'strat': 'momentum', 'rsi_l': (28, 55), 'rsi_s': (42, 72), 'sl_m': 1.0, 'tp_m': 2.0, 'max_bars': 24, 'cooldown': 4, 'adx_min': 20, 'be_after_r': 0.5, 'trailing': False}"
0.0,momentum,240,29,211,76,31.67,0.7466,-8.6484,9.3167,-1.2764,0.3352,-0.2081,3.1,9.336219859055417,-3.8591,-4.7892,28.57,34.71,119,121,"{'strat': 'momentum', 'rsi_l': (28, 55), 'rsi_s': (42, 72), 'sl_m': 1.0, 'tp_m': 2.0, 'max_bars': 24, 'cooldown': 4, 'adx_min': 20, 'be_after_r': 0.5, 'trailing': True}","{'strat': 'momentum', 'rsi_l': (28, 55), 'rsi_s': (42, 72), 'sl_m': 1.0, 'tp_m': 2.0, 'max_bars': 24, 'cooldown': 4, 'adx_min': 20, 'be_after_r': 0.5, 'trailing': True}"
0.0,momentum,240,29,211,61,25.42,0.7019,-14.4136,13.6156,-1.6995,0.5563,-0.2701,4.6,9.336219859055417,-8.3917,-6.0219,24.37,26.45,119,121,"{'strat': 'momentum', 'rsi_l': (28, 55), 'rsi_s': (42, 72), 'sl_m': 1.0, 'tp_m': 2.0, 'max_bars': 24, 'cooldown': 4, 'adx_min': 20, 'be_after_r': 1.0, 'trailing': False}","{'strat': 'momentum', 'rsi_l': (28, 55), 'rsi_s': (42, 72), 'sl_m': 1.0, 'tp_m': 2.0, 'max_bars': 24, 'cooldown': 4, 'adx_min': 20, 'be_after_r': 1.0, 'trailing': False}"
0.0,momentum,240,29,211,97,40.42,0.7232,-12.776,12.1774,-1.5525,0.3441,-0.3228,4.1,9.336219859055417,-8.6409,-4.1352,34.45,46.28,119,121,"{'strat': 'momentum', 'rsi_l': (28, 55), 'rsi_s': (42, 72), 'sl_m': 1.0, 'tp_m': 2.0, 'max_bars': 24, 'cooldown': 4, 'adx_min': 20, 'be_after_r': 1.0, 'trailing': True}","{'strat': 'momentum', 'rsi_l': (28, 55), 'rsi_s': (42, 72), 'sl_m': 1.0, 'tp_m': 2.0, 'max_bars': 24, 'cooldown': 4, 'adx_min': 20, 'be_after_r': 1.0, 'trailing': True}"
0.0,momentum,223,27,196,70,31.39,0.7089,-16.444,15.3901,-1.9059,0.572,-0.3692,5.6,9.336219859055417,-10.7054,-5.7385,29.31,33.64,116,107,"{'strat': 'momentum', 'rsi_l': (28, 55), 'rsi_s': (42, 72), 'sl_m': 1.0, 'tp_m': 2.0, 'max_bars': 24, 'cooldown': 8, 'adx_min': 20, 'be_after_r': 0.0, 'trailing': False}","{'strat': 'momentum', 'rsi_l': (28, 55), 'rsi_s': (42, 72), 'sl_m': 1.0, 'tp_m': 2.0, 'max_bars': 24, 'cooldown': 8, 'adx_min': 20, 'be_after_r': 0.0, 'trailing': False}"
0.0,momentum,223,27,196,70,31.39,0.7089,-16.444,15.3901,-1.9059,0.572,-0.3692,5.6,9.336219859055417,-10.7054,-5.7385,29.31,33.64,116,107,"{'strat': 'momentum', 'rsi_l': (28, 55), 'rsi_s': (42, 72), 'sl_m': 1.0, 'tp_m': 2.0, 'max_bars': 24, 'cooldown': 8, 'adx_min': 20, 'be_after_r': 0.0, 'trailing': True}","{'strat': 'momentum', 'rsi_l': (28, 55), 'rsi_s': (42, 72), 'sl_m': 1.0, 'tp_m': 2.0, 'max_bars': 24, 'cooldown': 8, 'adx_min': 20, 'be_after_r': 0.0, 'trailing': True}"
0.0,momentum,223,27,196,41,18.39,0.7351,-8.9415,8.8077,-1.3903,0.6051,-0.1854,3.5,9.336219859055417,-6.0684,-2.8732,14.66,22.43,116,107,"{'strat': 'momentum', 'rsi_l': (28, 55), 'rsi_s': (42, 72), 'sl_m': 1.0, 'tp_m': 2.0, 'max_bars': 24, 'cooldown': 8, 'adx_min': 20, 'be_after_r': 0.5, 'trailing': False}","{'strat': 'momentum', 'rsi_l': (28, 55), 'rsi_s': (42, 72), 'sl_m': 1.0, 'tp_m': 2.0, 'max_bars': 24, 'cooldown': 8, 'adx_min': 20, 'be_after_r': 0.5, 'trailing': False}"
0.0,momentum,223,27,196,69,30.94,0.7817,-6.9459,7.2098,-1.1156,0.3604,-0.2066,3.1,9.336219859055417,-4.8027,-2.1432,27.59,34.58,116,107,"{'strat': 'momentum', 'rsi_l': (28, 55), 'rsi_s': (42, 72), 'sl_m': 1.0, 'tp_m': 2.0, 'max_bars': 24, 'cooldown': 8, 'adx_min': 20, 'be_after_r': 0.5, 'trailing': True}","{'strat': 'momentum', 'rsi_l': (28, 55), 'rsi_s': (42, 72), 'sl_m': 1.0, 'tp_m': 2.0, 'max_bars': 24, 'cooldown': 8, 'adx_min': 20, 'be_after_r': 0.5, 'trailing': True}"
0.0,momentum,223,27,196,56,25.11,0.7095,-13.1923,12.5466,-1.7066,0.5754,-0.2719,4.5,9.336219859055417,-9.9252,-3.2671,22.41,28.04,116,107,"{'strat': 'momentum', 'rsi_l': (28, 55), 'rsi_s': (42, 72), 'sl_m': 1.0, 'tp_m': 2.0, 'max_bars': 24, 'cooldown': 8, 'adx_min': 20, 'be_after_r': 1.0, 'trailing': False}","{'strat': 'momentum', 'rsi_l': (28, 55), 'rsi_s': (42, 72), 'sl_m': 1.0, 'tp_m': 2.0, 'max_bars': 24, 'cooldown': 8, 'adx_min': 20, 'be_after_r': 1.0, 'trailing': False}"
0.0,momentum,223,27,196,86,38.57,0.738,-11.4122,10.9663,-1.5121,0.3738,-0.318,4.0,9.336219859055417,-9.6476,-1.7646,32.76,44.86,116,107,"{'strat': 'momentum', 'rsi_l': (28, 55), 'rsi_s': (42, 72), 'sl_m': 1.0, 'tp_m': 2.0, 'max_bars': 24, 'cooldown': 8, 'adx_min': 20, 'be_after_r': 1.0, 'trailing': True}","{'strat': 'momentum', 'rsi_l': (28, 55), 'rsi_s': (42, 72), 'sl_m': 1.0, 'tp_m': 2.0, 'max_bars': 24, 'cooldown': 8, 'adx_min': 20, 'be_after_r': 1.0, 'trailing': True}"
0.0,momentum,240,29,211,76,31.67,0.7207,-17.1234,15.9845,-1.7603,0.5813,-0.3738,6.2,9.336219859055417,-9.4026,-7.7207,30.25,33.06,119,121,"{'strat': 'momentum', 'rsi_l': (28, 55), 'rsi_s': (42, 72), 'sl_m': 1.0, 'tp_m': 2.0, 'max_bars': 48, 'cooldown': 4, 'adx_min': 20, 'be_after_r': 0.0, 'trailing': False}","{'strat': 'momentum', 'rsi_l': (28, 55), 'rsi_s': (42, 72), 'sl_m': 1.0, 'tp_m': 2.0, 'max_bars': 48, 'cooldown': 4, 'adx_min': 20, 'be_after_r': 0.0, 'trailing': False}"
0.0,momentum,240,29,211,76,31.67,0.7207,-17.1234,15.9845,-1.7603,0.5813,-0.3738,6.2,9.336219859055417,-9.4026,-7.7207,30.25,33.06,119,121,"{'strat': 'momentum', 'rsi_l': (28, 55), 'rsi_s': (42, 72), 'sl_m': 1.0, 'tp_m': 2.0, 'max_bars': 48, 'cooldown': 4, 'adx_min': 20, 'be_after_r': 0.0, 'trailing': True}","{'strat': 'momentum', 'rsi_l': (28, 55), 'rsi_s': (42, 72), 'sl_m': 1.0, 'tp_m': 2.0, 'max_bars': 48, 'cooldown': 4, 'adx_min': 20, 'be_after_r': 0.0, 'trailing': True}"
0.0,momentum,240,29,211,45,18.75,0.7229,-10.0466,10.0021,-1.4204,0.5823,-0.1859,3.5,9.336219859055417,-4.9123,-5.1344,15.97,21.49,119,121,"{'strat': 'momentum', 'rsi_l': (28, 55), 'rsi_s': (42, 72), 'sl_m': 1.0, 'tp_m': 2.0, 'max_bars': 48, 'cooldown': 4, 'adx_min': 20, 'be_after_r': 0.5, 'trailing': False}","{'strat': 'momentum', 'rsi_l': (28, 55), 'rsi_s': (42, 72), 'sl_m': 1.0, 'tp_m': 2.0, 'max_bars': 48, 'cooldown': 4, 'adx_min': 20, 'be_after_r': 0.5, 'trailing': False}"
0.0,momentum,240,29,211,76,31.67,0.7466,-8.6484,9.3167,-1.2764,0.3352,-0.2081,3.1,9.336219859055417,-3.8591,-4.7892,28.57,34.71,119,121,"{'strat': 'momentum', 'rsi_l': (28, 55), 'rsi_s': (42, 72), 'sl_m': 1.0, 'tp_m': 2.0, 'max_bars': 48, 'cooldown': 4, 'adx_min': 20, 'be_after_r': 0.5, 'trailing': True}","{'strat': 'momentum', 'rsi_l': (28, 55), 'rsi_s': (42, 72), 'sl_m': 1.0, 'tp_m': 2.0, 'max_bars': 48, 'cooldown': 4, 'adx_min': 20, 'be_after_r': 0.5, 'trailing': True}"
0.0,momentum,240,29,211,60,25.0,0.7032,-14.3645,13.574,-1.6901,0.5673,-0.2689,4.6,9.336219859055417,-8.3426,-6.0219,23.53,26.45,119,121,"{'strat': 'momentum', 'rsi_l': (28, 55), 'rsi_s': (42, 72), 'sl_m': 1.0, 'tp_m': 2.0, 'max_bars': 48, 'cooldown': 4, 'adx_min': 20, 'be_after_r': 1.0, 'trailing': False}","{'strat': 'momentum', 'rsi_l': (28, 55), 'rsi_s': (42, 72), 'sl_m': 1.0, 'tp_m': 2.0, 'max_bars': 48, 'cooldown': 4, 'adx_min': 20, 'be_after_r': 1.0, 'trailing': False}"
0.0,momentum,240,29,211,97,40.42,0.7232,-12.776,12.1774,-1.5525,0.3441,-0.3228,4.1,9.336219859055417,-8.6409,-4.1352,34.45,46.28,119,121,"{'strat': 'momentum', 'rsi_l': (28, 55), 'rsi_s': (42, 72), 'sl_m': 1.0, 'tp_m': 2.0, 'max_bars': 48, 'cooldown': 4, 'adx_min': 20, 'be_after_r': 1.0, 'trailing': True}","{'strat': 'momentum', 'rsi_l': (28, 55), 'rsi_s': (42, 72), 'sl_m': 1.0, 'tp_m': 2.0, 'max_bars': 48, 'cooldown': 4, 'adx_min': 20, 'be_after_r': 1.0, 'trailing': True}"
0.0,momentum,223,27,196,70,31.39,0.7359,-15.0396,14.2039,-1.701,0.5987,-0.3722,5.9,9.336219859055417,-10.9362,-4.1035,28.45,34.58,116,107,"{'strat': 'momentum', 'rsi_l': (28, 55), 'rsi_s': (42, 72), 'sl_m': 1.0, 'tp_m': 2.0, 'max_bars': 48, 'cooldown': 8, 'adx_min': 20, 'be_after_r': 0.0, 'trailing': False}","{'strat': 'momentum', 'rsi_l': (28, 55), 'rsi_s': (42, 72), 'sl_m': 1.0, 'tp_m': 2.0, 'max_bars': 48, 'cooldown': 8, 'adx_min': 20, 'be_after_r': 0.0, 'trailing': False}"
0.0,momentum,223,27,196,70,31.39,0.7359,-15.0396,14.2039,-1.701,0.5987,-0.3722,5.9,9.336219859055417,-10.9362,-4.1035,28.45,34.58,116,107,"{'strat': 'momentum', 'rsi_l': (28, 55), 'rsi_s': (42, 72), 'sl_m': 1.0, 'tp_m': 2.0, 'max_bars': 48, 'cooldown': 8, 'adx_min': 20, 'be_after_r': 0.0, 'trailing': True}","{'strat': 'momentum', 'rsi_l': (28, 55), 'rsi_s': (42, 72), 'sl_m': 1.0, 'tp_m': 2.0, 'max_bars': 48, 'cooldown': 8, 'adx_min': 20, 'be_after_r': 0.0, 'trailing': True}"
0.0,momentum,223,27,196,41,18.39,0.7351,-8.9415,8.8077,-1.3903,0.6051,-0.1854,3.5,9.336219859055417,-6.0684,-2.8732,14.66,22.43,116,107,"{'strat': 'momentum', 'rsi_l': (28, 55), 'rsi_s': (42, 72), 'sl_m': 1.0, 'tp_m': 2.0, 'max_bars': 48, 'cooldown': 8, 'adx_min': 20, 'be_after_r': 0.5, 'trailing': False}","{'strat': 'momentum', 'rsi_l': (28, 55), 'rsi_s': (42, 72), 'sl_m': 1.0, 'tp_m': 2.0, 'max_bars': 48, 'cooldown': 8, 'adx_min': 20, 'be_after_r': 0.5, 'trailing': False}"
0.0,momentum,223,27,196,69,30.94,0.7817,-6.9459,7.2098,-1.1156,0.3604,-0.2066,3.1,9.336219859055417,-4.8027,-2.1432,27.59,34.58,116,107,"{'strat': 'momentum', 'rsi_l': (28, 55), 'rsi_s': (42, 72), 'sl_m': 1.0, 'tp_m': 2.0, 'max_bars': 48, 'cooldown': 8, 'adx_min': 20, 'be_after_r': 0.5, 'trailing': True}","{'strat': 'momentum', 'rsi_l': (28, 55), 'rsi_s': (42, 72), 'sl_m': 1.0, 'tp_m': 2.0, 'max_bars': 48, 'cooldown': 8, 'adx_min': 20, 'be_after_r': 0.5, 'trailing': True}"
0.0,momentum,223,27,196,55,24.66,0.7109,-13.1433,12.5045,-1.6965,0.5878,-0.2707,4.5,9.336219859055417,-9.8762,-3.2671,21.55,28.04,116,107,"{'strat': 'momentum', 'rsi_l': (28, 55), 'rsi_s': (42, 72), 'sl_m': 1.0, 'tp_m': 2.0, 'max_bars': 48, 'cooldown': 8, 'adx_min': 20, 'be_after_r': 1.0, 'trailing': False}","{'strat': 'momentum', 'rsi_l': (28, 55), 'rsi_s': (42, 72), 'sl_m': 1.0, 'tp_m': 2.0, 'max_bars': 48, 'cooldown': 8, 'adx_min': 20, 'be_after_r': 1.0, 'trailing': False}"
0.0,momentum,223,27,196,86,38.57,0.738,-11.4122,10.9663,-1.5121,0.3738,-0.318,4.0,9.336219859055417,-9.6476,-1.7646,32.76,44.86,116,107,"{'strat': 'momentum', 'rsi_l': (28, 55), 'rsi_s': (42, 72), 'sl_m': 1.0, 'tp_m': 2.0, 'max_bars': 48, 'cooldown': 8, 'adx_min': 20, 'be_after_r': 1.0, 'trailing': True}","{'strat': 'momentum', 'rsi_l': (28, 55), 'rsi_s': (42, 72), 'sl_m': 1.0, 'tp_m': 2.0, 'max_bars': 48, 'cooldown': 8, 'adx_min': 20, 'be_after_r': 1.0, 'trailing': True}"
0.0,momentum,240,29,211,67,27.92,0.6863,-19.9293,18.3612,-1.9501,0.6509,-0.3673,6.9,9.336219859055417,-6.244,-13.6852,29.41,26.45,119,121,"{'strat': 'momentum', 'rsi_l': (28, 55), 'rsi_s': (42, 72), 'sl_m': 1.0, 'tp_m': 2.5, 'max_bars': 24, 'cooldown': 4, 'adx_min': 20, 'be_after_r': 0.0, 'trailing': False}","{'strat': 'momentum', 'rsi_l': (28, 55), 'rsi_s': (42, 72), 'sl_m': 1.0, 'tp_m': 2.5, 'max_bars': 24, 'cooldown': 4, 'adx_min': 20, 'be_after_r': 0.0, 'trailing': False}"
0.0,momentum,240,29,211,67,27.92,0.6863,-19.9293,18.3612,-1.9501,0.6509,-0.3673,6.9,9.336219859055417,-6.244,-13.6852,29.41,26.45,119,121,"{'strat': 'momentum', 'rsi_l': (28, 55), 'rsi_s': (42, 72), 'sl_m': 1.0, 'tp_m': 2.5, 'max_bars': 24, 'cooldown': 4, 'adx_min': 20, 'be_after_r': 0.0, 'trailing': True}","{'strat': 'momentum', 'rsi_l': (28, 55), 'rsi_s': (42, 72), 'sl_m': 1.0, 'tp_m': 2.5, 'max_bars': 24, 'cooldown': 4, 'adx_min': 20, 'be_after_r': 0.0, 'trailing': True}"
0.0,momentum,240,29,211,33,13.75,0.6609,-12.5201,13.3757,-1.6936,0.7395,-0.1784,4.1,9.336219859055417,-3.0921,-9.4279,13.45,14.05,119,121,"{'strat': 'momentum', 'rsi_l': (28, 55), 'rsi_s': (42, 72), 'sl_m': 1.0, 'tp_m': 2.5, 'max_bars': 24, 'cooldown': 4, 'adx_min': 20, 'be_after_r': 0.5, 'trailing': False}","{'strat': 'momentum', 'rsi_l': (28, 55), 'rsi_s': (42, 72), 'sl_m': 1.0, 'tp_m': 2.5, 'max_bars': 24, 'cooldown': 4, 'adx_min': 20, 'be_after_r': 0.5, 'trailing': False}"
0.0,momentum,240,29,211,74,30.83,0.6948,-10.4375,10.6442,-1.5539,0.3211,-0.206,3.3,9.336219859055417,-4.2868,-6.1507,27.73,33.88,119,121,"{'strat': 'momentum', 'rsi_l': (28, 55), 'rsi_s': (42, 72), 'sl_m': 1.0, 'tp_m': 2.5, 'max_bars': 24, 'cooldown': 4, 'adx_min': 20, 'be_after_r': 0.5, 'trailing': True}","{'strat': 'momentum', 'rsi_l': (28, 55), 'rsi_s': (42, 72), 'sl_m': 1.0, 'tp_m': 2.5, 'max_bars': 24, 'cooldown': 4, 'adx_min': 20, 'be_after_r': 0.5, 'trailing': True}"
0.0,momentum,240,29,211,49,20.42,0.6965,-14.8749,14.0682,-1.6383,0.6968,-0.2566,5.3,9.336219859055417,-5.3423,-9.5326,21.85,19.01,119,121,"{'strat': 'momentum', 'rsi_l': (28, 55), 'rsi_s': (42, 72), 'sl_m': 1.0, 'tp_m': 2.5, 'max_bars': 24, 'cooldown': 4, 'adx_min': 20, 'be_after_r': 1.0, 'trailing': False}","{'strat': 'momentum', 'rsi_l': (28, 55), 'rsi_s': (42, 72), 'sl_m': 1.0, 'tp_m': 2.5, 'max_bars': 24, 'cooldown': 4, 'adx_min': 20, 'be_after_r': 1.0, 'trailing': False}"
0.0,momentum,240,29,211,95,39.58,0.6844,-14.5892,13.7785,-1.8018,0.333,-0.3188,4.2,9.336219859055417,-9.149,-5.4402,33.61,45.45,119,121,"{'strat': 'momentum', 'rsi_l': (28, 55), 'rsi_s': (42, 72), 'sl_m': 1.0, 'tp_m': 2.5, 'max_bars': 24, 'cooldown': 4, 'adx_min': 20, 'be_after_r': 1.0, 'trailing': True}","{'strat': 'momentum', 'rsi_l': (28, 55), 'rsi_s': (42, 72), 'sl_m': 1.0, 'tp_m': 2.5, 'max_bars': 24, 'cooldown': 4, 'adx_min': 20, 'be_after_r': 1.0, 'trailing': True}"
0.0,momentum,223,27,196,61,27.35,0.6882,-18.6751,17.3209,-2.0034,0.6756,-0.3697,6.6,9.336219859055417,-8.2029,-10.4721,27.59,27.1,116,107,"{'strat': 'momentum', 'rsi_l': (28, 55), 'rsi_s': (42, 72), 'sl_m': 1.0, 'tp_m': 2.5, 'max_bars': 24, 'cooldown': 8, 'adx_min': 20, 'be_after_r': 0.0, 'trailing': False}","{'strat': 'momentum', 'rsi_l': (28, 55), 'rsi_s': (42, 72), 'sl_m': 1.0, 'tp_m': 2.5, 'max_bars': 24, 'cooldown': 8, 'adx_min': 20, 'be_after_r': 0.0, 'trailing': False}"
0.0,momentum,223,27,196,61,27.35,0.6882,-18.6751,17.3209,-2.0034,0.6756,-0.3697,6.6,9.336219859055417,-8.2029,-10.4721,27.59,27.1,116,107,"{'strat': 'momentum', 'rsi_l': (28, 55), 'rsi_s': (42, 72), 'sl_m': 1.0, 'tp_m': 2.5, 'max_bars': 24, 'cooldown': 8, 'adx_min': 20, 'be_after_r': 0.0, 'trailing': True}","{'strat': 'momentum', 'rsi_l': (28, 55), 'rsi_s': (42, 72), 'sl_m': 1.0, 'tp_m': 2.5, 'max_bars': 24, 'cooldown': 8, 'adx_min': 20, 'be_after_r': 0.0, 'trailing': True}"
0.0,momentum,223,27,196,30,13.45,0.6629,-11.5844,11.8667,-1.7274,0.7594,-0.1781,4.0,9.336219859055417,-4.5793,-7.0052,12.07,14.95,116,107,"{'strat': 'momentum', 'rsi_l': (28, 55), 'rsi_s': (42, 72), 'sl_m': 1.0, 'tp_m': 2.5, 'max_bars': 24, 'cooldown': 8, 'adx_min': 20, 'be_after_r': 0.5, 'trailing': False}","{'strat': 'momentum', 'rsi_l': (28, 55), 'rsi_s': (42, 72), 'sl_m': 1.0, 'tp_m': 2.5, 'max_bars': 24, 'cooldown': 8, 'adx_min': 20, 'be_after_r': 0.5, 'trailing': False}"
0.0,momentum,223,27,196,67,30.04,0.7461,-8.0963,8.528,-1.2912,0.355,-0.2044,3.2,9.336219859055417,-4.9576,-3.1387,26.72,33.64,116,107,"{'strat': 'momentum', 'rsi_l': (28, 55), 'rsi_s': (42, 72), 'sl_m': 1.0, 'tp_m': 2.5, 'max_bars': 24, 'cooldown': 8, 'adx_min': 20, 'be_after_r': 0.5, 'trailing': True}","{'strat': 'momentum', 'rsi_l': (28, 55), 'rsi_s': (42, 72), 'sl_m': 1.0, 'tp_m': 2.5, 'max_bars': 24, 'cooldown': 8, 'adx_min': 20, 'be_after_r': 0.5, 'trailing': True}"
0.0,momentum,223,27,196,45,20.18,0.6977,-13.9162,13.2315,-1.6835,0.7136,-0.2586,5.1,9.336219859055417,-7.3012,-6.615,19.83,20.56,116,107,"{'strat': 'momentum', 'rsi_l': (28, 55), 'rsi_s': (42, 72), 'sl_m': 1.0, 'tp_m': 2.5, 'max_bars': 24, 'cooldown': 8, 'adx_min': 20, 'be_after_r': 1.0, 'trailing': False}","{'strat': 'momentum', 'rsi_l': (28, 55), 'rsi_s': (42, 72), 'sl_m': 1.0, 'tp_m': 2.5, 'max_bars': 24, 'cooldown': 8, 'adx_min': 20, 'be_after_r': 1.0, 'trailing': False}"
0.0,momentum,223,27,196,84,37.67,0.7107,-12.6208,12.0628,-1.6818,0.3692,-0.3139,4.2,9.336219859055417,-9.883,-2.7379,31.9,43.93,116,107,"{'strat': 'momentum', 'rsi_l': (28, 55), 'rsi_s': (42, 72), 'sl_m': 1.0, 'tp_m': 2.5, 'max_bars': 24, 'cooldown': 8, 'adx_min': 20, 'be_after_r': 1.0, 'trailing': True}","{'strat': 'momentum', 'rsi_l': (28, 55), 'rsi_s': (42, 72), 'sl_m': 1.0, 'tp_m': 2.5, 'max_bars': 24, 'cooldown': 8, 'adx_min': 20, 'be_after_r': 1.0, 'trailing': True}"
0.0,momentum,240,29,211,65,27.08,0.7238,-18.0555,16.8421,-1.6845,0.728,-0.3736,7.4,9.336219859055417,-6.1988,-11.8568,27.73,26.45,119,121,"{'strat': 'momentum', 'rsi_l': (28, 55), 'rsi_s': (42, 72), 'sl_m': 1.0, 'tp_m': 2.5, 'max_bars': 48, 'cooldown': 4, 'adx_min': 20, 'be_after_r': 0.0, 'trailing': False}","{'strat': 'momentum', 'rsi_l': (28, 55), 'rsi_s': (42, 72), 'sl_m': 1.0, 'tp_m': 2.5, 'max_bars': 48, 'cooldown': 4, 'adx_min': 20, 'be_after_r': 0.0, 'trailing': False}"
0.0,momentum,240,29,211,65,27.08,0.7238,-18.0555,16.8421,-1.6845,0.728,-0.3736,7.4,9.336219859055417,-6.1988,-11.8568,27.73,26.45,119,121,"{'strat': 'momentum', 'rsi_l': (28, 55), 'rsi_s': (42, 72), 'sl_m': 1.0, 'tp_m': 2.5, 'max_bars': 48, 'cooldown': 4, 'adx_min': 20, 'be_after_r': 0.0, 'trailing': True}","{'strat': 'momentum', 'rsi_l': (28, 55), 'rsi_s': (42, 72), 'sl_m': 1.0, 'tp_m': 2.5, 'max_bars': 48, 'cooldown': 4, 'adx_min': 20, 'be_after_r': 0.0, 'trailing': True}"
0.0,momentum,240,29,211,33,13.75,0.6609,-12.5201,13.3757,-1.6936,0.7395,-0.1784,4.1,9.336219859055417,-3.0921,-9.4279,13.45,14.05,119,121,"{'strat': 'momentum', 'rsi_l': (28, 55), 'rsi_s': (42, 72), 'sl_m': 1.0, 'tp_m': 2.5, 'max_bars': 48, 'cooldown': 4, 'adx_min': 20, 'be_after_r': 0.5, 'trailing': False}","{'strat': 'momentum', 'rsi_l': (28, 55), 'rsi_s': (42, 72), 'sl_m': 1.0, 'tp_m': 2.5, 'max_bars': 48, 'cooldown': 4, 'adx_min': 20, 'be_after_r': 0.5, 'trailing': False}"
0.0,momentum,240,29,211,74,30.83,0.6948,-10.4375,10.6442,-1.5539,0.3211,-0.206,3.3,9.336219859055417,-4.2868,-6.1507,27.73,33.88,119,121,"{'strat': 'momentum', 'rsi_l': (28, 55), 'rsi_s': (42, 72), 'sl_m': 1.0, 'tp_m': 2.5, 'max_bars': 48, 'cooldown': 4, 'adx_min': 20, 'be_after_r': 0.5, 'trailing': True}","{'strat': 'momentum', 'rsi_l': (28, 55), 'rsi_s': (42, 72), 'sl_m': 1.0, 'tp_m': 2.5, 'max_bars': 48, 'cooldown': 4, 'adx_min': 20, 'be_after_r': 0.5, 'trailing': True}"
0.0,momentum,240,29,211,48,20.0,0.7011,-14.6694,13.8932,-1.6091,0.7168,-0.2556,5.3,9.336219859055417,-5.1369,-9.5326,21.01,19.01,119,121,"{'strat': 'momentum', 'rsi_l': (28, 55), 'rsi_s': (42, 72), 'sl_m': 1.0, 'tp_m': 2.5, 'max_bars': 48, 'cooldown': 4, 'adx_min': 20, 'be_after_r': 1.0, 'trailing': False}","{'strat': 'momentum', 'rsi_l': (28, 55), 'rsi_s': (42, 72), 'sl_m': 1.0, 'tp_m': 2.5, 'max_bars': 48, 'cooldown': 4, 'adx_min': 20, 'be_after_r': 1.0, 'trailing': False}"
0.0,momentum,240,29,211,95,39.58,0.6844,-14.5892,13.7785,-1.8018,0.333,-0.3188,4.2,9.336219859055417,-9.149,-5.4402,33.61,45.45,119,121,"{'strat': 'momentum', 'rsi_l': (28, 55), 'rsi_s': (42, 72), 'sl_m': 1.0, 'tp_m': 2.5, 'max_bars': 48, 'cooldown': 4, 'adx_min': 20, 'be_after_r': 1.0, 'trailing': True}","{'strat': 'momentum', 'rsi_l': (28, 55), 'rsi_s': (42, 72), 'sl_m': 1.0, 'tp_m': 2.5, 'max_bars': 48, 'cooldown': 4, 'adx_min': 20, 'be_after_r': 1.0, 'trailing': True}"
0.0,momentum,223,27,196,60,26.91,0.7323,-16.2937,15.3504,-1.6729,0.743,-0.3734,7.2,9.336219859055417,-8.1577,-8.136,25.86,28.04,116,107,"{'strat': 'momentum', 'rsi_l': (28, 55), 'rsi_s': (42, 72), 'sl_m': 1.0, 'tp_m': 2.5, 'max_bars': 48, 'cooldown': 8, 'adx_min': 20, 'be_after_r': 0.0, 'trailing': False}","{'strat': 'momentum', 'rsi_l': (28, 55), 'rsi_s': (42, 72), 'sl_m': 1.0, 'tp_m': 2.5, 'max_bars': 48, 'cooldown': 8, 'adx_min': 20, 'be_after_r': 0.0, 'trailing': False}"
0.0,momentum,223,27,196,60,26.91,0.7323,-16.2937,15.3504,-1.6729,0.743,-0.3734,7.2,9.336219859055417,-8.1577,-8.136,25.86,28.04,116,107,"{'strat': 'momentum', 'rsi_l': (28, 55), 'rsi_s': (42, 72), 'sl_m': 1.0, 'tp_m': 2.5, 'max_bars': 48, 'cooldown': 8, 'adx_min': 20, 'be_after_r': 0.0, 'trailing': True}","{'strat': 'momentum', 'rsi_l': (28, 55), 'rsi_s': (42, 72), 'sl_m': 1.0, 'tp_m': 2.5, 'max_bars': 48, 'cooldown': 8, 'adx_min': 20, 'be_after_r': 0.0, 'trailing': True}"
0.0,momentum,223,27,196,30,13.45,0.6629,-11.5844,11.8667,-1.7274,0.7594,-0.1781,4.0,9.336219859055417,-4.5793,-7.0052,12.07,14.95,116,107,"{'strat': 'momentum', 'rsi_l': (28, 55), 'rsi_s': (42, 72), 'sl_m': 1.0, 'tp_m': 2.5, 'max_bars': 48, 'cooldown': 8, 'adx_min': 20, 'be_after_r': 0.5, 'trailing': False}","{'strat': 'momentum', 'rsi_l': (28, 55), 'rsi_s': (42, 72), 'sl_m': 1.0, 'tp_m': 2.5, 'max_bars': 48, 'cooldown': 8, 'adx_min': 20, 'be_after_r': 0.5, 'trailing': False}"
0.0,momentum,223,27,196,67,30.04,0.7461,-8.0963,8.528,-1.2912,0.355,-0.2044,3.2,9.336219859055417,-4.9576,-3.1387,26.72,33.64,116,107,"{'strat': 'momentum', 'rsi_l': (28, 55), 'rsi_s': (42, 72), 'sl_m': 1.0, 'tp_m': 2.5, 'max_bars': 48, 'cooldown': 8, 'adx_min': 20, 'be_after_r': 0.5, 'trailing': True}","{'strat': 'momentum', 'rsi_l': (28, 55), 'rsi_s': (42, 72), 'sl_m': 1.0, 'tp_m': 2.5, 'max_bars': 48, 'cooldown': 8, 'adx_min': 20, 'be_after_r': 0.5, 'trailing': True}"
0.0,momentum,223,27,196,44,19.73,0.7025,-13.7108,13.0548,-1.6516,0.7358,-0.2575,5.1,9.336219859055417,-7.0958,-6.615,18.97,20.56,116,107,"{'strat': 'momentum', 'rsi_l': (28, 55), 'rsi_s': (42, 72), 'sl_m': 1.0, 'tp_m': 2.5, 'max_bars': 48, 'cooldown': 8, 'adx_min': 20, 'be_after_r': 1.0, 'trailing': False}","{'strat': 'momentum', 'rsi_l': (28, 55), 'rsi_s': (42, 72), 'sl_m': 1.0, 'tp_m': 2.5, 'max_bars': 48, 'cooldown': 8, 'adx_min': 20, 'be_after_r': 1.0, 'trailing': False}"
0.0,momentum,223,27,196,84,37.67,0.7107,-12.6208,12.0628,-1.6818,0.3692,-0.3139,4.2,9.336219859055417,-9.883,-2.7379,31.9,43.93,116,107,"{'strat': 'momentum', 'rsi_l': (28, 55), 'rsi_s': (42, 72), 'sl_m': 1.0, 'tp_m': 2.5, 'max_bars': 48, 'cooldown': 8, 'adx_min': 20, 'be_after_r': 1.0, 'trailing': True}","{'strat': 'momentum', 'rsi_l': (28, 55), 'rsi_s': (42, 72), 'sl_m': 1.0, 'tp_m': 2.5, 'max_bars': 48, 'cooldown': 8, 'adx_min': 20, 'be_after_r': 1.0, 'trailing': True}"
0.0,momentum,240,29,211,87,36.25,0.707,-22.4434,20.4711,-1.8426,0.6226,-0.5007,9.4,9.336219859055417,-8.3344,-14.109,36.97,35.54,119,121,"{'strat': 'momentum', 'rsi_l': (28, 55), 'rsi_s': (42, 72), 'sl_m': 1.5, 'tp_m': 2.5, 'max_bars': 24, 'cooldown': 4, 'adx_min': 20, 'be_after_r': 0.0, 'trailing': False}","{'strat': 'momentum', 'rsi_l': (28, 55), 'rsi_s': (42, 72), 'sl_m': 1.5, 'tp_m': 2.5, 'max_bars': 24, 'cooldown': 4, 'adx_min': 20, 'be_after_r': 0.0, 'trailing': False}"
0.0,momentum,240,29,211,87,36.25,0.707,-22.4434,20.4711,-1.8426,0.6226,-0.5007,9.4,9.336219859055417,-8.3344,-14.109,36.97,35.54,119,121,"{'strat': 'momentum', 'rsi_l': (28, 55), 'rsi_s': (42, 72), 'sl_m': 1.5, 'tp_m': 2.5, 'max_bars': 24, 'cooldown': 4, 'adx_min': 20, 'be_after_r': 0.0, 'trailing': True}","{'strat': 'momentum', 'rsi_l': (28, 55), 'rsi_s': (42, 72), 'sl_m': 1.5, 'tp_m': 2.5, 'max_bars': 24, 'cooldown': 4, 'adx_min': 20, 'be_after_r': 0.0, 'trailing': True}"
0.0,momentum,240,29,211,36,15.0,0.6732,-13.265,13.8845,-1.5802,0.7591,-0.199,5.1,9.336219859055417,-3.9757,-9.2893,14.29,15.7,119,121,"{'strat': 'momentum', 'rsi_l': (28, 55), 'rsi_s': (42, 72), 'sl_m': 1.5, 'tp_m': 2.5, 'max_bars': 24, 'cooldown': 4, 'adx_min': 20, 'be_after_r': 0.5, 'trailing': False}","{'strat': 'momentum', 'rsi_l': (28, 55), 'rsi_s': (42, 72), 'sl_m': 1.5, 'tp_m': 2.5, 'max_bars': 24, 'cooldown': 4, 'adx_min': 20, 'be_after_r': 0.5, 'trailing': False}"
0.0,momentum,240,29,211,77,32.08,0.6912,-11.6883,11.7642,-1.5071,0.3397,-0.2322,4.3,9.336219859055417,-5.6926,-5.9957,28.57,35.54,119,121,"{'strat': 'momentum', 'rsi_l': (28, 55), 'rsi_s': (42, 72), 'sl_m': 1.5, 'tp_m': 2.5, 'max_bars': 24, 'cooldown': 4, 'adx_min': 20, 'be_after_r': 0.5, 'trailing': True}","{'strat': 'momentum', 'rsi_l': (28, 55), 'rsi_s': (42, 72), 'sl_m': 1.5, 'tp_m': 2.5, 'max_bars': 24, 'cooldown': 4, 'adx_min': 20, 'be_after_r': 0.5, 'trailing': True}"
0.0,momentum,240,29,211,55,22.92,0.6767,-18.6507,17.3048,-1.756,0.7097,-0.3118,6.9,9.336219859055417,-7.693,-10.9577,24.37,21.49,119,121,"{'strat': 'momentum', 'rsi_l': (28, 55), 'rsi_s': (42, 72), 'sl_m': 1.5, 'tp_m': 2.5, 'max_bars': 24, 'cooldown': 4, 'adx_min': 20, 'be_after_r': 1.0, 'trailing': False}","{'strat': 'momentum', 'rsi_l': (28, 55), 'rsi_s': (42, 72), 'sl_m': 1.5, 'tp_m': 2.5, 'max_bars': 24, 'cooldown': 4, 'adx_min': 20, 'be_after_r': 1.0, 'trailing': False}"
0.0,momentum,240,29,211,103,42.92,0.6509,-19.1172,17.6436,-1.9705,0.3461,-0.3997,5.8,9.336219859055417,-12.2677,-6.8495,37.82,47.93,119,121,"{'strat': 'momentum', 'rsi_l': (28, 55), 'rsi_s': (42, 72), 'sl_m': 1.5, 'tp_m': 2.5, 'max_bars': 24, 'cooldown': 4, 'adx_min': 20, 'be_after_r': 1.0, 'trailing': True}","{'strat': 'momentum', 'rsi_l': (28, 55), 'rsi_s': (42, 72), 'sl_m': 1.5, 'tp_m': 2.5, 'max_bars': 24, 'cooldown': 4, 'adx_min': 20, 'be_after_r': 1.0, 'trailing': True}"
0.0,momentum,223,27,196,79,35.43,0.6892,-22.5127,20.5059,-2.0499,0.6319,-0.503,9.2,9.336219859055417,-10.2933,-12.2194,35.34,35.51,116,107,"{'strat': 'momentum', 'rsi_l': (28, 55), 'rsi_s': (42, 72), 'sl_m': 1.5, 'tp_m': 2.5, 'max_bars': 24, 'cooldown': 8, 'adx_min': 20, 'be_after_r': 0.0, 'trailing': False}","{'strat': 'momentum', 'rsi_l': (28, 55), 'rsi_s': (42, 72), 'sl_m': 1.5, 'tp_m': 2.5, 'max_bars': 24, 'cooldown': 8, 'adx_min': 20, 'be_after_r': 0.0, 'trailing': False}"
0.0,momentum,223,27,196,79,35.43,0.6892,-22.5127,20.5059,-2.0499,0.6319,-0.503,9.2,9.336219859055417,-10.2933,-12.2194,35.34,35.51,116,107,"{'strat': 'momentum', 'rsi_l': (28, 55), 'rsi_s': (42, 72), 'sl_m': 1.5, 'tp_m': 2.5, 'max_bars': 24, 'cooldown': 8, 'adx_min': 20, 'be_after_r': 0.0, 'trailing': True}","{'strat': 'momentum', 'rsi_l': (28, 55), 'rsi_s': (42, 72), 'sl_m': 1.5, 'tp_m': 2.5, 'max_bars': 24, 'cooldown': 8, 'adx_min': 20, 'be_after_r': 0.0, 'trailing': True}"
0.0,momentum,223,27,196,32,14.35,0.6444,-13.5055,13.4011,-1.8065,0.7648,-0.1988,5.0,9.336219859055417,-5.4628,-8.0427,12.93,15.89,116,107,"{'strat': 'momentum', 'rsi_l': (28, 55), 'rsi_s': (42, 72), 'sl_m': 1.5, 'tp_m': 2.5, 'max_bars': 24, 'cooldown': 8, 'adx_min': 20, 'be_after_r': 0.5, 'trailing': False}","{'strat': 'momentum', 'rsi_l': (28, 55), 'rsi_s': (42, 72), 'sl_m': 1.5, 'tp_m': 2.5, 'max_bars': 24, 'cooldown': 8, 'adx_min': 20, 'be_after_r': 0.5, 'trailing': False}"
0.0,momentum,223,27,196,69,30.94,0.7034,-10.5233,10.7226,-1.4939,0.3617,-0.2304,4.2,9.336219859055417,-6.3635,-4.1598,27.59,34.58,116,107,"{'strat': 'momentum', 'rsi_l': (28, 55), 'rsi_s': (42, 72), 'sl_m': 1.5, 'tp_m': 2.5, 'max_bars': 24, 'cooldown': 8, 'adx_min': 20, 'be_after_r': 0.5, 'trailing': True}","{'strat': 'momentum', 'rsi_l': (28, 55), 'rsi_s': (42, 72), 'sl_m': 1.5, 'tp_m': 2.5, 'max_bars': 24, 'cooldown': 8, 'adx_min': 20, 'be_after_r': 0.5, 'trailing': True}"
0.0,momentum,223,27,196,50,22.42,0.6576,-18.6239,17.2653,-1.949,0.7154,-0.3144,6.8,9.336219859055417,-9.6519,-8.972,22.41,22.43,116,107,"{'strat': 'momentum', 'rsi_l': (28, 55), 'rsi_s': (42, 72), 'sl_m': 1.5, 'tp_m': 2.5, 'max_bars': 24, 'cooldown': 8, 'adx_min': 20, 'be_after_r': 1.0, 'trailing': False}","{'strat': 'momentum', 'rsi_l': (28, 55), 'rsi_s': (42, 72), 'sl_m': 1.5, 'tp_m': 2.5, 'max_bars': 24, 'cooldown': 8, 'adx_min': 20, 'be_after_r': 1.0, 'trailing': False}"
0.0,momentum,223,27,196,91,40.81,0.6514,-18.0806,16.7751,-2.0499,0.3712,-0.3929,5.8,9.336219859055417,-13.0017,-5.0789,36.21,45.79,116,107,"{'strat': 'momentum', 'rsi_l': (28, 55), 'rsi_s': (42, 72), 'sl_m': 1.5, 'tp_m': 2.5, 'max_bars': 24, 'cooldown': 8, 'adx_min': 20, 'be_after_r': 1.0, 'trailing': True}","{'strat': 'momentum', 'rsi_l': (28, 55), 'rsi_s': (42, 72), 'sl_m': 1.5, 'tp_m': 2.5, 'max_bars': 24, 'cooldown': 8, 'adx_min': 20, 'be_after_r': 1.0, 'trailing': True}"
0.0,momentum,240,29,211,88,36.67,0.7879,-17.0668,16.5965,-1.2872,0.7202,-0.5293,10.7,9.336219859055417,-8.3715,-8.6953,36.13,37.19,119,121,"{'strat': 'momentum', 'rsi_l': (28, 55), 'rsi_s': (42, 72), 'sl_m': 1.5, 'tp_m': 2.5, 'max_bars': 48, 'cooldown': 4, 'adx_min': 20, 'be_after_r': 0.0, 'trailing': False}","{'strat': 'momentum', 'rsi_l': (28, 55), 'rsi_s': (42, 72), 'sl_m': 1.5, 'tp_m': 2.5, 'max_bars': 48, 'cooldown': 4, 'adx_min': 20, 'be_after_r': 0.0, 'trailing': False}"
0.0,momentum,240,29,211,88,36.67,0.7879,-17.0668,16.5965,-1.2872,0.7202,-0.5293,10.7,9.336219859055417,-8.3715,-8.6953,36.13,37.19,119,121,"{'strat': 'momentum', 'rsi_l': (28, 55), 'rsi_s': (42, 72), 'sl_m': 1.5, 'tp_m': 2.5, 'max_bars': 48, 'cooldown': 4, 'adx_min': 20, 'be_after_r': 0.0, 'trailing': True}","{'strat': 'momentum', 'rsi_l': (28, 55), 'rsi_s': (42, 72), 'sl_m': 1.5, 'tp_m': 2.5, 'max_bars': 48, 'cooldown': 4, 'adx_min': 20, 'be_after_r': 0.0, 'trailing': True}"
0.0,momentum,240,29,211,36,15.0,0.6748,-13.1681,13.8013,-1.5673,0.7591,-0.1985,5.2,9.336219859055417,-3.9757,-9.1925,14.29,15.7,119,121,"{'strat': 'momentum', 'rsi_l': (28, 55), 'rsi_s': (42, 72), 'sl_m': 1.5, 'tp_m': 2.5, 'max_bars': 48, 'cooldown': 4, 'adx_min': 20, 'be_after_r': 0.5, 'trailing': False}","{'strat': 'momentum', 'rsi_l': (28, 55), 'rsi_s': (42, 72), 'sl_m': 1.5, 'tp_m': 2.5, 'max_bars': 48, 'cooldown': 4, 'adx_min': 20, 'be_after_r': 0.5, 'trailing': False}"
0.0,momentum,240,29,211,78,32.5,0.6957,-11.4706,11.7858,-1.4773,0.3362,-0.2327,4.3,9.336219859055417,-5.6926,-5.7779,28.57,36.36,119,121,"{'strat': 'momentum', 'rsi_l': (28, 55), 'rsi_s': (42, 72), 'sl_m': 1.5, 'tp_m': 2.5, 'max_bars': 48, 'cooldown': 4, 'adx_min': 20, 'be_after_r': 0.5, 'trailing': True}","{'strat': 'momentum', 'rsi_l': (28, 55), 'rsi_s': (42, 72), 'sl_m': 1.5, 'tp_m': 2.5, 'max_bars': 48, 'cooldown': 4, 'adx_min': 20, 'be_after_r': 0.5, 'trailing': True}"
0.0,momentum,240,29,211,54,22.5,0.6716,-19.2949,17.8431,-1.795,0.7308,-0.3159,7.0,9.336219859055417,-8.434,-10.8609,23.53,21.49,119,121,"{'strat': 'momentum', 'rsi_l': (28, 55), 'rsi_s': (42, 72), 'sl_m': 1.5, 'tp_m': 2.5, 'max_bars': 48, 'cooldown': 4, 'adx_min': 20, 'be_after_r': 1.0, 'trailing': False}","{'strat': 'momentum', 'rsi_l': (28, 55), 'rsi_s': (42, 72), 'sl_m': 1.5, 'tp_m': 2.5, 'max_bars': 48, 'cooldown': 4, 'adx_min': 20, 'be_after_r': 1.0, 'trailing': False}"
0.0,momentum,240,29,211,104,43.33,0.6408,-20.0175,18.3861,-2.0469,0.3434,-0.4098,5.9,9.336219859055417,-13.3857,-6.6318,37.82,48.76,119,121,"{'strat': 'momentum', 'rsi_l': (28, 55), 'rsi_s': (42, 72), 'sl_m': 1.5, 'tp_m': 2.5, 'max_bars': 48, 'cooldown': 4, 'adx_min': 20, 'be_after_r': 1.0, 'trailing': True}","{'strat': 'momentum', 'rsi_l': (28, 55), 'rsi_s': (42, 72), 'sl_m': 1.5, 'tp_m': 2.5, 'max_bars': 48, 'cooldown': 4, 'adx_min': 20, 'be_after_r': 1.0, 'trailing': True}"
0.0,momentum,223,27,196,79,35.43,0.7519,-18.939,17.6711,-1.5925,0.7265,-0.5301,10.5,9.336219859055417,-10.3304,-8.6086,34.48,36.45,116,107,"{'strat': 'momentum', 'rsi_l': (28, 55), 'rsi_s': (42, 72), 'sl_m': 1.5, 'tp_m': 2.5, 'max_bars': 48, 'cooldown': 8, 'adx_min': 20, 'be_after_r': 0.0, 'trailing': False}","{'strat': 'momentum', 'rsi_l': (28, 55), 'rsi_s': (42, 72), 'sl_m': 1.5, 'tp_m': 2.5, 'max_bars': 48, 'cooldown': 8, 'adx_min': 20, 'be_after_r': 0.0, 'trailing': False}"
0.0,momentum,223,27,196,79,35.43,0.7519,-18.939,17.6711,-1.5925,0.7265,-0.5301,10.5,9.336219859055417,-10.3304,-8.6086,34.48,36.45,116,107,"{'strat': 'momentum', 'rsi_l': (28, 55), 'rsi_s': (42, 72), 'sl_m': 1.5, 'tp_m': 2.5, 'max_bars': 48, 'cooldown': 8, 'adx_min': 20, 'be_after_r': 0.0, 'trailing': True}","{'strat': 'momentum', 'rsi_l': (28, 55), 'rsi_s': (42, 72), 'sl_m': 1.5, 'tp_m': 2.5, 'max_bars': 48, 'cooldown': 8, 'adx_min': 20, 'be_after_r': 0.0, 'trailing': True}"
0.0,momentum,223,27,196,32,14.35,0.6461,-13.4086,13.3174,-1.7919,0.7648,-0.1983,5.1,9.336219859055417,-5.4628,-7.9458,12.93,15.89,116,107,"{'strat': 'momentum', 'rsi_l': (28, 55), 'rsi_s': (42, 72), 'sl_m': 1.5, 'tp_m': 2.5, 'max_bars': 48, 'cooldown': 8, 'adx_min': 20, 'be_after_r': 0.5, 'trailing': False}","{'strat': 'momentum', 'rsi_l': (28, 55), 'rsi_s': (42, 72), 'sl_m': 1.5, 'tp_m': 2.5, 'max_bars': 48, 'cooldown': 8, 'adx_min': 20, 'be_after_r': 0.5, 'trailing': False}"
0.0,momentum,223,27,196,70,31.39,0.7083,-10.3055,10.8786,-1.4612,0.3574,-0.2309,4.3,9.336219859055417,-6.3635,-3.942,27.59,35.51,116,107,"{'strat': 'momentum', 'rsi_l': (28, 55), 'rsi_s': (42, 72), 'sl_m': 1.5, 'tp_m': 2.5, 'max_bars': 48, 'cooldown': 8, 'adx_min': 20, 'be_after_r': 0.5, 'trailing': True}","{'strat': 'momentum', 'rsi_l': (28, 55), 'rsi_s': (42, 72), 'sl_m': 1.5, 'tp_m': 2.5, 'max_bars': 48, 'cooldown': 8, 'adx_min': 20, 'be_after_r': 0.5, 'trailing': True}"
0.0,momentum,223,27,196,49,21.97,0.6526,-19.268,17.8038,-1.991,0.7388,-0.3188,7.0,9.336219859055417,-10.3929,-8.8751,21.55,22.43,116,107,"{'strat': 'momentum', 'rsi_l': (28, 55), 'rsi_s': (42, 72), 'sl_m': 1.5, 'tp_m': 2.5, 'max_bars': 48, 'cooldown': 8, 'adx_min': 20, 'be_after_r': 1.0, 'trailing': False}","{'strat': 'momentum', 'rsi_l': (28, 55), 'rsi_s': (42, 72), 'sl_m': 1.5, 'tp_m': 2.5, 'max_bars': 48, 'cooldown': 8, 'adx_min': 20, 'be_after_r': 1.0, 'trailing': False}"
0.0,momentum,223,27,196,92,41.26,0.6407,-18.9809,17.5254,-2.1342,0.3679,-0.4033,5.9,9.336219859055417,-14.1197,-4.8612,36.21,46.73,116,107,"{'strat': 'momentum', 'rsi_l': (28, 55), 'rsi_s': (42, 72), 'sl_m': 1.5, 'tp_m': 2.5, 'max_bars': 48, 'cooldown': 8, 'adx_min': 20, 'be_after_r': 1.0, 'trailing': True}","{'strat': 'momentum', 'rsi_l': (28, 55), 'rsi_s': (42, 72), 'sl_m': 1.5, 'tp_m': 2.5, 'max_bars': 48, 'cooldown': 8, 'adx_min': 20, 'be_after_r': 1.0, 'trailing': True}"
0.0,momentum,284,73,211,93,32.75,0.6729,-18.3271,16.903,-1.9952,0.4054,-0.2934,3.7,9.336219859055417,-10.5341,-7.7931,32.35,33.11,136,148,"{'strat': 'momentum', 'rsi_l': (30, 60), 'rsi_s': (42, 72), 'sl_m': 0.75, 'tp_m': 1.5, 'max_bars': 24, 'cooldown': 4, 'adx_min': 20, 'be_after_r': 0.0, 'trailing': False}","{'strat': 'momentum', 'rsi_l': (30, 60), 'rsi_s': (42, 72), 'sl_m': 0.75, 'tp_m': 1.5, 'max_bars': 24, 'cooldown': 4, 'adx_min': 20, 'be_after_r': 0.0, 'trailing': False}"
0.0,momentum,284,73,211,93,32.75,0.6729,-18.3271,16.903,-1.9952,0.4054,-0.2934,3.7,9.336219859055417,-10.5341,-7.7931,32.35,33.11,136,148,"{'strat': 'momentum', 'rsi_l': (30, 60), 'rsi_s': (42, 72), 'sl_m': 0.75, 'tp_m': 1.5, 'max_bars': 24, 'cooldown': 4, 'adx_min': 20, 'be_after_r': 0.0, 'trailing': True}","{'strat': 'momentum', 'rsi_l': (30, 60), 'rsi_s': (42, 72), 'sl_m': 0.75, 'tp_m': 1.5, 'max_bars': 24, 'cooldown': 4, 'adx_min': 20, 'be_after_r': 0.0, 'trailing': True}"
0.0,momentum,284,73,211,70,24.65,0.7019,-12.2447,12.2222,-1.582,0.4119,-0.1919,2.7,9.336219859055417,-5.3274,-6.9173,24.26,25.0,136,148,"{'strat': 'momentum', 'rsi_l': (30, 60), 'rsi_s': (42, 72), 'sl_m': 0.75, 'tp_m': 1.5, 'max_bars': 24, 'cooldown': 4, 'adx_min': 20, 'be_after_r': 0.5, 'trailing': False}","{'strat': 'momentum', 'rsi_l': (30, 60), 'rsi_s': (42, 72), 'sl_m': 0.75, 'tp_m': 1.5, 'max_bars': 24, 'cooldown': 4, 'adx_min': 20, 'be_after_r': 0.5, 'trailing': False}"
0.0,momentum,284,73,211,90,31.69,0.7242,-10.9435,11.3013,-1.4296,0.3192,-0.2045,2.5,9.336219859055417,-3.9834,-6.9601,32.35,31.08,136,148,"{'strat': 'momentum', 'rsi_l': (30, 60), 'rsi_s': (42, 72), 'sl_m': 0.75, 'tp_m': 1.5, 'max_bars': 24, 'cooldown': 4, 'adx_min': 20, 'be_after_r': 0.5, 'trailing': True}","{'strat': 'momentum', 'rsi_l': (30, 60), 'rsi_s': (42, 72), 'sl_m': 0.75, 'tp_m': 1.5, 'max_bars': 24, 'cooldown': 4, 'adx_min': 20, 'be_after_r': 0.5, 'trailing': True}"
0.0,momentum,284,73,211,82,28.87,0.6557,-17.3864,16.0984,-2.0203,0.4038,-0.25,3.2,9.336219859055417,-9.5172,-7.8692,29.41,28.38,136,148,"{'strat': 'momentum', 'rsi_l': (30, 60), 'rsi_s': (42, 72), 'sl_m': 0.75, 'tp_m': 1.5, 'max_bars': 24, 'cooldown': 4, 'adx_min': 20, 'be_after_r': 1.0, 'trailing': False}","{'strat': 'momentum', 'rsi_l': (30, 60), 'rsi_s': (42, 72), 'sl_m': 0.75, 'tp_m': 1.5, 'max_bars': 24, 'cooldown': 4, 'adx_min': 20, 'be_after_r': 1.0, 'trailing': False}"
0.0,momentum,284,73,211,106,37.32,0.6899,-15.2391,14.2754,-1.7759,0.3198,-0.2761,3.1,9.336219859055417,-8.8209,-6.4182,35.29,39.19,136,148,"{'strat': 'momentum', 'rsi_l': (30, 60), 'rsi_s': (42, 72), 'sl_m': 0.75, 'tp_m': 1.5, 'max_bars': 24, 'cooldown': 4, 'adx_min': 20, 'be_after_r': 1.0, 'trailing': True}","{'strat': 'momentum', 'rsi_l': (30, 60), 'rsi_s': (42, 72), 'sl_m': 0.75, 'tp_m': 1.5, 'max_bars': 24, 'cooldown': 4, 'adx_min': 20, 'be_after_r': 1.0, 'trailing': True}"
0.0,momentum,261,65,196,84,32.18,0.674,-16.9105,15.7079,-2.0663,0.4162,-0.2931,3.7,9.336219859055417,-11.1545,-5.756,30.77,33.59,130,131,"{'strat': 'momentum', 'rsi_l': (30, 60), 'rsi_s': (42, 72), 'sl_m': 0.75, 'tp_m': 1.5, 'max_bars': 24, 'cooldown': 8, 'adx_min': 20, 'be_after_r': 0.0, 'trailing': False}","{'strat': 'momentum', 'rsi_l': (30, 60), 'rsi_s': (42, 72), 'sl_m': 0.75, 'tp_m': 1.5, 'max_bars': 24, 'cooldown': 8, 'adx_min': 20, 'be_after_r': 0.0, 'trailing': False}"
0.0,momentum,261,65,196,84,32.18,0.674,-16.9105,15.7079,-2.0663,0.4162,-0.2931,3.7,9.336219859055417,-11.1545,-5.756,30.77,33.59,130,131,"{'strat': 'momentum', 'rsi_l': (30, 60), 'rsi_s': (42, 72), 'sl_m': 0.75, 'tp_m': 1.5, 'max_bars': 24, 'cooldown': 8, 'adx_min': 20, 'be_after_r': 0.0, 'trailing': True}","{'strat': 'momentum', 'rsi_l': (30, 60), 'rsi_s': (42, 72), 'sl_m': 0.75, 'tp_m': 1.5, 'max_bars': 24, 'cooldown': 8, 'adx_min': 20, 'be_after_r': 0.0, 'trailing': True}"
0.0,momentum,261,65,196,64,24.52,0.7222,-10.5288,10.6974,-1.5145,0.4276,-0.1924,2.6,9.336219859055417,-5.8413,-4.6874,23.08,25.95,130,131,"{'strat': 'momentum', 'rsi_l': (30, 60), 'rsi_s': (42, 72), 'sl_m': 0.75, 'tp_m': 1.5, 'max_bars': 24, 'cooldown': 8, 'adx_min': 20, 'be_after_r': 0.5, 'trailing': False}","{'strat': 'momentum', 'rsi_l': (30, 60), 'rsi_s': (42, 72), 'sl_m': 0.75, 'tp_m': 1.5, 'max_bars': 24, 'cooldown': 8, 'adx_min': 20, 'be_after_r': 0.5, 'trailing': False}"
0.0,momentum,261,65,196,81,31.03,0.742,-9.4627,9.9726,-1.3764,0.336,-0.2038,2.4,9.336219859055417,-4.4974,-4.9654,31.54,30.53,130,131,"{'strat': 'momentum', 'rsi_l': (30, 60), 'rsi_s': (42, 72), 'sl_m': 0.75, 'tp_m': 1.5, 'max_bars': 24, 'cooldown': 8, 'adx_min': 20, 'be_after_r': 0.5, 'trailing': True}","{'strat': 'momentum', 'rsi_l': (30, 60), 'rsi_s': (42, 72), 'sl_m': 0.75, 'tp_m': 1.5, 'max_bars': 24, 'cooldown': 8, 'adx_min': 20, 'be_after_r': 0.5, 'trailing': True}"
0.0,momentum,261,65,196,74,28.35,0.6564,-16.1693,15.0634,-2.1009,0.4175,-0.2517,3.2,9.336219859055417,-10.3143,-5.855,27.69,29.01,130,131,"{'strat': 'momentum', 'rsi_l': (30, 60), 'rsi_s': (42, 72), 'sl_m': 0.75, 'tp_m': 1.5, 'max_bars': 24, 'cooldown': 8, 'adx_min': 20, 'be_after_r': 1.0, 'trailing': False}","{'strat': 'momentum', 'rsi_l': (30, 60), 'rsi_s': (42, 72), 'sl_m': 0.75, 'tp_m': 1.5, 'max_bars': 24, 'cooldown': 8, 'adx_min': 20, 'be_after_r': 1.0, 'trailing': False}"
0.0,momentum,261,65,196,94,36.02,0.6832,-14.5512,13.6759,-1.8991,0.3338,-0.275,3.0,9.336219859055417,-9.6179,-4.9333,33.85,38.17,130,131,"{'strat': 'momentum', 'rsi_l': (30, 60), 'rsi_s': (42, 72), 'sl_m': 0.75, 'tp_m': 1.5, 'max_bars': 24, 'cooldown': 8, 'adx_min': 20, 'be_after_r': 1.0, 'trailing': True}","{'strat': 'momentum', 'rsi_l': (30, 60), 'rsi_s': (42, 72), 'sl_m': 0.75, 'tp_m': 1.5, 'max_bars': 24, 'cooldown': 8, 'adx_min': 20, 'be_after_r': 1.0, 'trailing': True}"
0.0,momentum,284,73,211,94,33.1,0.7061,-16.369,15.2654,-1.7453,0.4183,-0.2931,3.8,9.336219859055417,-10.5341,-5.8349,32.35,33.78,136,148,"{'strat': 'momentum', 'rsi_l': (30, 60), 'rsi_s': (42, 72), 'sl_m': 0.75, 'tp_m': 1.5, 'max_bars': 48, 'cooldown': 4, 'adx_min': 20, 'be_after_r': 0.0, 'trailing': False}","{'strat': 'momentum', 'rsi_l': (30, 60), 'rsi_s': (42, 72), 'sl_m': 0.75, 'tp_m': 1.5, 'max_bars': 48, 'cooldown': 4, 'adx_min': 20, 'be_after_r': 0.0, 'trailing': False}"
0.0,momentum,284,73,211,94,33.1,0.7061,-16.369,15.2654,-1.7453,0.4183,-0.2931,3.8,9.336219859055417,-10.5341,-5.8349,32.35,33.78,136,148,"{'strat': 'momentum', 'rsi_l': (30, 60), 'rsi_s': (42, 72), 'sl_m': 0.75, 'tp_m': 1.5, 'max_bars': 48, 'cooldown': 4, 'adx_min': 20, 'be_after_r': 0.0, 'trailing': True}","{'strat': 'momentum', 'rsi_l': (30, 60), 'rsi_s': (42, 72), 'sl_m': 0.75, 'tp_m': 1.5, 'max_bars': 48, 'cooldown': 4, 'adx_min': 20, 'be_after_r': 0.0, 'trailing': True}"
0.0,momentum,284,73,211,70,24.65,0.7019,-12.2447,12.2222,-1.582,0.4119,-0.1919,2.7,9.336219859055417,-5.3274,-6.9173,24.26,25.0,136,148,"{'strat': 'momentum', 'rsi_l': (30, 60), 'rsi_s': (42, 72), 'sl_m': 0.75, 'tp_m': 1.5, 'max_bars': 48, 'cooldown': 4, 'adx_min': 20, 'be_after_r': 0.5, 'trailing': False}","{'strat': 'momentum', 'rsi_l': (30, 60), 'rsi_s': (42, 72), 'sl_m': 0.75, 'tp_m': 1.5, 'max_bars': 48, 'cooldown': 4, 'adx_min': 20, 'be_after_r': 0.5, 'trailing': False}"
0.0,momentum,284,73,211,90,31.69,0.7242,-10.9435,11.3013,-1.4296,0.3192,-0.2045,2.5,9.336219859055417,-3.9834,-6.9601,32.35,31.08,136,148,"{'strat': 'momentum', 'rsi_l': (30, 60), 'rsi_s': (42, 72), 'sl_m': 0.75, 'tp_m': 1.5, 'max_bars': 48, 'cooldown': 4, 'adx_min': 20, 'be_after_r': 0.5, 'trailing': True}","{'strat': 'momentum', 'rsi_l': (30, 60), 'rsi_s': (42, 72), 'sl_m': 0.75, 'tp_m': 1.5, 'max_bars': 48, 'cooldown': 4, 'adx_min': 20, 'be_after_r': 0.5, 'trailing': True}"
0.0,momentum,284,73,211,82,28.87,0.6557,-17.3864,16.0984,-2.0203,0.4038,-0.25,3.2,9.336219859055417,-9.5172,-7.8692,29.41,28.38,136,148,"{'strat': 'momentum', 'rsi_l': (30, 60), 'rsi_s': (42, 72), 'sl_m': 0.75, 'tp_m': 1.5, 'max_bars': 48, 'cooldown': 4, 'adx_min': 20, 'be_after_r': 1.0, 'trailing': False}","{'strat': 'momentum', 'rsi_l': (30, 60), 'rsi_s': (42, 72), 'sl_m': 0.75, 'tp_m': 1.5, 'max_bars': 48, 'cooldown': 4, 'adx_min': 20, 'be_after_r': 1.0, 'trailing': False}"
0.0,momentum,284,73,211,106,37.32,0.6899,-15.2391,14.2754,-1.7759,0.3198,-0.2761,3.1,9.336219859055417,-8.8209,-6.4182,35.29,39.19,136,148,"{'strat': 'momentum', 'rsi_l': (30, 60), 'rsi_s': (42, 72), 'sl_m': 0.75, 'tp_m': 1.5, 'max_bars': 48, 'cooldown': 4, 'adx_min': 20, 'be_after_r': 1.0, 'trailing': True}","{'strat': 'momentum', 'rsi_l': (30, 60), 'rsi_s': (42, 72), 'sl_m': 0.75, 'tp_m': 1.5, 'max_bars': 48, 'cooldown': 4, 'adx_min': 20, 'be_after_r': 1.0, 'trailing': True}"
0.0,momentum,261,65,196,85,32.57,0.7098,-14.9524,14.0467,-1.787,0.4303,-0.2928,3.8,9.336219859055417,-11.1545,-3.7979,30.77,34.35,130,131,"{'strat': 'momentum', 'rsi_l': (30, 60), 'rsi_s': (42, 72), 'sl_m': 0.75, 'tp_m': 1.5, 'max_bars': 48, 'cooldown': 8, 'adx_min': 20, 'be_after_r': 0.0, 'trailing': False}","{'strat': 'momentum', 'rsi_l': (30, 60), 'rsi_s': (42, 72), 'sl_m': 0.75, 'tp_m': 1.5, 'max_bars': 48, 'cooldown': 8, 'adx_min': 20, 'be_after_r': 0.0, 'trailing': False}"
0.0,momentum,261,65,196,85,32.57,0.7098,-14.9524,14.0467,-1.787,0.4303,-0.2928,3.8,9.336219859055417,-11.1545,-3.7979,30.77,34.35,130,131,"{'strat': 'momentum', 'rsi_l': (30, 60), 'rsi_s': (42, 72), 'sl_m': 0.75, 'tp_m': 1.5, 'max_bars': 48, 'cooldown': 8, 'adx_min': 20, 'be_after_r': 0.0, 'trailing': True}","{'strat': 'momentum', 'rsi_l': (30, 60), 'rsi_s': (42, 72), 'sl_m': 0.75, 'tp_m': 1.5, 'max_bars': 48, 'cooldown': 8, 'adx_min': 20, 'be_after_r': 0.0, 'trailing': True}"
0.0,momentum,261,65,196,64,24.52,0.7222,-10.5288,10.6974,-1.5145,0.4276,-0.1924,2.6,9.336219859055417,-5.8413,-4.6874,23.08,25.95,130,131,"{'strat': 'momentum', 'rsi_l': (30, 60), 'rsi_s': (42, 72), 'sl_m': 0.75, 'tp_m': 1.5, 'max_bars': 48, 'cooldown': 8, 'adx_min': 20, 'be_after_r': 0.5, 'trailing': False}","{'strat': 'momentum', 'rsi_l': (30, 60), 'rsi_s': (42, 72), 'sl_m': 0.75, 'tp_m': 1.5, 'max_bars': 48, 'cooldown': 8, 'adx_min': 20, 'be_after_r': 0.5, 'trailing': False}"
0.0,momentum,261,65,196,81,31.03,0.742,-9.4627,9.9726,-1.3764,0.336,-0.2038,2.4,9.336219859055417,-4.4974,-4.9654,31.54,30.53,130,131,"{'strat': 'momentum', 'rsi_l': (30, 60), 'rsi_s': (42, 72), 'sl_m': 0.75, 'tp_m': 1.5, 'max_bars': 48, 'cooldown': 8, 'adx_min': 20, 'be_after_r': 0.5, 'trailing': True}","{'strat': 'momentum', 'rsi_l': (30, 60), 'rsi_s': (42, 72), 'sl_m': 0.75, 'tp_m': 1.5, 'max_bars': 48, 'cooldown': 8, 'adx_min': 20, 'be_after_r': 0.5, 'trailing': True}"
0.0,momentum,261,65,196,74,28.35,0.6564,-16.1693,15.0634,-2.1009,0.4175,-0.2517,3.2,9.336219859055417,-10.3143,-5.855,27.69,29.01,130,131,"{'strat': 'momentum', 'rsi_l': (30, 60), 'rsi_s': (42, 72), 'sl_m': 0.75, 'tp_m': 1.5, 'max_bars': 48, 'cooldown': 8, 'adx_min': 20, 'be_after_r': 1.0, 'trailing': False}","{'strat': 'momentum', 'rsi_l': (30, 60), 'rsi_s': (42, 72), 'sl_m': 0.75, 'tp_m': 1.5, 'max_bars': 48, 'cooldown': 8, 'adx_min': 20, 'be_after_r': 1.0, 'trailing': False}"
0.0,momentum,261,65,196,94,36.02,0.6832,-14.5512,13.6759,-1.8991,0.3338,-0.275,3.0,9.336219859055417,-9.6179,-4.9333,33.85,38.17,130,131,"{'strat': 'momentum', 'rsi_l': (30, 60), 'rsi_s': (42, 72), 'sl_m': 0.75, 'tp_m': 1.5, 'max_bars': 48, 'cooldown': 8, 'adx_min': 20, 'be_after_r': 1.0, 'trailing': True}","{'strat': 'momentum', 'rsi_l': (30, 60), 'rsi_s': (42, 72), 'sl_m': 0.75, 'tp_m': 1.5, 'max_bars': 48, 'cooldown': 8, 'adx_min': 20, 'be_after_r': 1.0, 'trailing': True}"
0.0,momentum,284,73,211,94,33.1,0.7296,-18.7728,17.3843,-1.5504,0.5389,-0.3654,5.8,9.336219859055417,-8.206,-10.5668,33.82,32.43,136,148,"{'strat': 'momentum', 'rsi_l': (30, 60), 'rsi_s': (42, 72), 'sl_m': 1.0, 'tp_m': 2.0, 'max_bars': 24, 'cooldown': 4, 'adx_min': 20, 'be_after_r': 0.0, 'trailing': False}","{'strat': 'momentum', 'rsi_l': (30, 60), 'rsi_s': (42, 72), 'sl_m': 1.0, 'tp_m': 2.0, 'max_bars': 24, 'cooldown': 4, 'adx_min': 20, 'be_after_r': 0.0, 'trailing': False}"
0.0,momentum,284,73,211,94,33.1,0.7296,-18.7728,17.3843,-1.5504,0.5389,-0.3654,5.8,9.336219859055417,-8.206,-10.5668,33.82,32.43,136,148,"{'strat': 'momentum', 'rsi_l': (30, 60), 'rsi_s': (42, 72), 'sl_m': 1.0, 'tp_m': 2.0, 'max_bars': 24, 'cooldown': 4, 'adx_min': 20, 'be_after_r': 0.0, 'trailing': True}","{'strat': 'momentum', 'rsi_l': (30, 60), 'rsi_s': (42, 72), 'sl_m': 1.0, 'tp_m': 2.0, 'max_bars': 24, 'cooldown': 4, 'adx_min': 20, 'be_after_r': 0.0, 'trailing': True}"
0.0,momentum,284,73,211,56,19.72,0.7289,-11.9982,12.3293,-1.292,0.5761,-0.1941,3.5,9.336219859055417,-4.5878,-7.4104,18.38,20.95,136,148,"{'strat': 'momentum', 'rsi_l': (30, 60), 'rsi_s': (42, 72), 'sl_m': 1.0, 'tp_m': 2.0, 'max_bars': 24, 'cooldown': 4, 'adx_min': 20, 'be_after_r': 0.5, 'trailing': False}","{'strat': 'momentum', 'rsi_l': (30, 60), 'rsi_s': (42, 72), 'sl_m': 1.0, 'tp_m': 2.0, 'max_bars': 24, 'cooldown': 4, 'adx_min': 20, 'be_after_r': 0.5, 'trailing': False}"
0.0,momentum,284,73,211,90,31.69,0.7486,-10.5312,11.522,-1.1766,0.3484,-0.2159,3.2,9.336219859055417,-3.5217,-7.0095,30.88,32.43,136,148,"{'strat': 'momentum', 'rsi_l': (30, 60), 'rsi_s': (42, 72), 'sl_m': 1.0, 'tp_m': 2.0, 'max_bars': 24, 'cooldown': 4, 'adx_min': 20, 'be_after_r': 0.5, 'trailing': True}","{'strat': 'momentum', 'rsi_l': (30, 60), 'rsi_s': (42, 72), 'sl_m': 1.0, 'tp_m': 2.0, 'max_bars': 24, 'cooldown': 4, 'adx_min': 20, 'be_after_r': 0.5, 'trailing': True}"
0.0,momentum,284,73,211,74,26.06,0.7086,-16.7152,15.6141,-1.5359,0.5492,-0.2731,4.6,9.336219859055417,-7.9491,-8.7661,26.47,25.68,136,148,"{'strat': 'momentum', 'rsi_l': (30, 60), 'rsi_s': (42, 72), 'sl_m': 1.0, 'tp_m': 2.0, 'max_bars': 24, 'cooldown': 4, 'adx_min': 20, 'be_after_r': 1.0, 'trailing': False}","{'strat': 'momentum', 'rsi_l': (30, 60), 'rsi_s': (42, 72), 'sl_m': 1.0, 'tp_m': 2.0, 'max_bars': 24, 'cooldown': 4, 'adx_min': 20, 'be_after_r': 1.0, 'trailing': False}"
0.0,momentum,284,73,211,115,40.49,0.726,-15.0381,14.1739,-1.4219,0.3465,-0.3248,4.1,9.336219859055417,-8.2164,-6.8217,36.76,43.92,136,148,"{'strat': 'momentum', 'rsi_l': (30, 60), 'rsi_s': (42, 72), 'sl_m': 1.0, 'tp_m': 2.0, 'max_bars': 24, 'cooldown': 4, 'adx_min': 20, 'be_after_r': 1.0, 'trailing': True}","{'strat': 'momentum', 'rsi_l': (30, 60), 'rsi_s': (42, 72), 'sl_m': 1.0, 'tp_m': 2.0, 'max_bars': 24, 'cooldown': 4, 'adx_min': 20, 'be_after_r': 1.0, 'trailing': True}"
0.0,momentum,261,65,196,85,32.57,0.7427,-16.5894,15.5483,-1.5239,0.5634,-0.3663,5.6,9.336219859055417,-9.8517,-6.7377,31.54,33.59,130,131,"{'strat': 'momentum', 'rsi_l': (30, 60), 'rsi_s': (42, 72), 'sl_m': 1.0, 'tp_m': 2.0, 'max_bars': 24, 'cooldown': 8, 'adx_min': 20, 'be_after_r': 0.0, 'trailing': False}","{'strat': 'momentum', 'rsi_l': (30, 60), 'rsi_s': (42, 72), 'sl_m': 1.0, 'tp_m': 2.0, 'max_bars': 24, 'cooldown': 8, 'adx_min': 20, 'be_after_r': 0.0, 'trailing': False}"
0.0,momentum,261,65,196,85,32.57,0.7427,-16.5894,15.5483,-1.5239,0.5634,-0.3663,5.6,9.336219859055417,-9.8517,-6.7377,31.54,33.59,130,131,"{'strat': 'momentum', 'rsi_l': (30, 60), 'rsi_s': (42, 72), 'sl_m': 1.0, 'tp_m': 2.0, 'max_bars': 24, 'cooldown': 8, 'adx_min': 20, 'be_after_r': 0.0, 'trailing': True}","{'strat': 'momentum', 'rsi_l': (30, 60), 'rsi_s': (42, 72), 'sl_m': 1.0, 'tp_m': 2.0, 'max_bars': 24, 'cooldown': 8, 'adx_min': 20, 'be_after_r': 0.0, 'trailing': True}"
0.0,momentum,261,65,196,51,19.54,0.76,-9.6615,10.2474,-1.1619,0.5999,-0.1917,3.5,9.336219859055417,-5.3851,-4.2764,16.92,22.14,130,131,"{'strat': 'momentum', 'rsi_l': (30, 60), 'rsi_s': (42, 72), 'sl_m': 1.0, 'tp_m': 2.0, 'max_bars': 24, 'cooldown': 8, 'adx_min': 20, 'be_after_r': 0.5, 'trailing': False}","{'strat': 'momentum', 'rsi_l': (30, 60), 'rsi_s': (42, 72), 'sl_m': 1.0, 'tp_m': 2.0, 'max_bars': 24, 'cooldown': 8, 'adx_min': 20, 'be_after_r': 0.5, 'trailing': False}"
0.0,momentum,261,65,196,82,31.42,0.8004,-7.5972,8.8574,-0.9405,0.3716,-0.2127,3.1,9.336219859055417,-4.1065,-3.4907,30.0,32.82,130,131,"{'strat': 'momentum', 'rsi_l': (30, 60), 'rsi_s': (42, 72), 'sl_m': 1.0, 'tp_m': 2.0, 'max_bars': 24, 'cooldown': 8, 'adx_min': 20, 'be_after_r': 0.5, 'trailing': True}","{'strat': 'momentum', 'rsi_l': (30, 60), 'rsi_s': (42, 72), 'sl_m': 1.0, 'tp_m': 2.0, 'max_bars': 24, 'cooldown': 8, 'adx_min': 20, 'be_after_r': 0.5, 'trailing': True}"
0.0,momentum,261,65,196,68,26.05,0.7305,-14.2624,13.5081,-1.458,0.5685,-0.2742,4.6,9.336219859055417,-9.1238,-5.1386,24.62,27.48,130,131,"{'strat': 'momentum', 'rsi_l': (30, 60), 'rsi_s': (42, 72), 'sl_m': 1.0, 'tp_m': 2.0, 'max_bars': 24, 'cooldown': 8, 'adx_min': 20, 'be_after_r': 1.0, 'trailing': False}","{'strat': 'momentum', 'rsi_l': (30, 60), 'rsi_s': (42, 72), 'sl_m': 1.0, 'tp_m': 2.0, 'max_bars': 24, 'cooldown': 8, 'adx_min': 20, 'be_after_r': 1.0, 'trailing': False}"
0.0,momentum,261,65,196,103,39.46,0.755,-12.4427,11.909,-1.3025,0.3723,-0.3214,4.1,9.336219859055417,-8.8643,-3.5784,35.38,43.51,130,131,"{'strat': 'momentum', 'rsi_l': (30, 60), 'rsi_s': (42, 72), 'sl_m': 1.0, 'tp_m': 2.0, 'max_bars': 24, 'cooldown': 8, 'adx_min': 20, 'be_after_r': 1.0, 'trailing': True}","{'strat': 'momentum', 'rsi_l': (30, 60), 'rsi_s': (42, 72), 'sl_m': 1.0, 'tp_m': 2.0, 'max_bars': 24, 'cooldown': 8, 'adx_min': 20, 'be_after_r': 1.0, 'trailing': True}"
0.0,momentum,284,73,211,93,32.75,0.7581,-17.1151,16.0203,-1.3684,0.5767,-0.3704,6.1,9.336219859055417,-7.6201,-9.4949,33.09,32.43,136,148,"{'strat': 'momentum', 'rsi_l': (30, 60), 'rsi_s': (42, 72), 'sl_m': 1.0, 'tp_m': 2.0, 'max_bars': 48, 'cooldown': 4, 'adx_min': 20, 'be_after_r': 0.0, 'trailing': False}","{'strat': 'momentum', 'rsi_l': (30, 60), 'rsi_s': (42, 72), 'sl_m': 1.0, 'tp_m': 2.0, 'max_bars': 48, 'cooldown': 4, 'adx_min': 20, 'be_after_r': 0.0, 'trailing': False}"
0.0,momentum,284,73,211,93,32.75,0.7581,-17.1151,16.0203,-1.3684,0.5767,-0.3704,6.1,9.336219859055417,-7.6201,-9.4949,33.09,32.43,136,148,"{'strat': 'momentum', 'rsi_l': (30, 60), 'rsi_s': (42, 72), 'sl_m': 1.0, 'tp_m': 2.0, 'max_bars': 48, 'cooldown': 4, 'adx_min': 20, 'be_after_r': 0.0, 'trailing': True}","{'strat': 'momentum', 'rsi_l': (30, 60), 'rsi_s': (42, 72), 'sl_m': 1.0, 'tp_m': 2.0, 'max_bars': 48, 'cooldown': 4, 'adx_min': 20, 'be_after_r': 0.0, 'trailing': True}"
0.0,momentum,284,73,211,56,19.72,0.7289,-11.9982,12.3293,-1.292,0.5761,-0.1941,3.5,9.336219859055417,-4.5878,-7.4104,18.38,20.95,136,148,"{'strat': 'momentum', 'rsi_l': (30, 60), 'rsi_s': (42, 72), 'sl_m': 1.0, 'tp_m': 2.0, 'max_bars': 48, 'cooldown': 4, 'adx_min': 20, 'be_after_r': 0.5, 'trailing': False}","{'strat': 'momentum', 'rsi_l': (30, 60), 'rsi_s': (42, 72), 'sl_m': 1.0, 'tp_m': 2.0, 'max_bars': 48, 'cooldown': 4, 'adx_min': 20, 'be_after_r': 0.5, 'trailing': False}"
0.0,momentum,284,73,211,90,31.69,0.7486,-10.5312,11.522,-1.1766,0.3484,-0.2159,3.2,9.336219859055417,-3.5217,-7.0095,30.88,32.43,136,148,"{'strat': 'momentum', 'rsi_l': (30, 60), 'rsi_s': (42, 72), 'sl_m': 1.0, 'tp_m': 2.0, 'max_bars': 48, 'cooldown': 4, 'adx_min': 20, 'be_after_r': 0.5, 'trailing': True}","{'strat': 'momentum', 'rsi_l': (30, 60), 'rsi_s': (42, 72), 'sl_m': 1.0, 'tp_m': 2.0, 'max_bars': 48, 'cooldown': 4, 'adx_min': 20, 'be_after_r': 0.5, 'trailing': True}"
0.0,momentum,284,73,211,73,25.7,0.7239,-15.8496,14.8852,-1.4395,0.5694,-0.2721,4.7,9.336219859055417,-7.0834,-8.7661,25.74,25.68,136,148,"{'strat': 'momentum', 'rsi_l': (30, 60), 'rsi_s': (42, 72), 'sl_m': 1.0, 'tp_m': 2.0, 'max_bars': 48, 'cooldown': 4, 'adx_min': 20, 'be_after_r': 1.0, 'trailing': False}","{'strat': 'momentum', 'rsi_l': (30, 60), 'rsi_s': (42, 72), 'sl_m': 1.0, 'tp_m': 2.0, 'max_bars': 48, 'cooldown': 4, 'adx_min': 20, 'be_after_r': 1.0, 'trailing': False}"
0.0,momentum,284,73,211,115,40.49,0.7248,-15.1033,14.2298,-1.4284,0.3459,-0.3248,4.1,9.336219859055417,-8.2815,-6.8217,36.76,43.92,136,148,"{'strat': 'momentum', 'rsi_l': (30, 60), 'rsi_s': (42, 72), 'sl_m': 1.0, 'tp_m': 2.0, 'max_bars': 48, 'cooldown': 4, 'adx_min': 20, 'be_after_r': 1.0, 'trailing': True}","{'strat': 'momentum', 'rsi_l': (30, 60), 'rsi_s': (42, 72), 'sl_m': 1.0, 'tp_m': 2.0, 'max_bars': 48, 'cooldown': 4, 'adx_min': 20, 'be_after_r': 1.0, 'trailing': True}"
0.0,momentum,261,65,196,85,32.57,0.7803,-14.2707,13.5819,-1.2729,0.5961,-0.369,6.0,9.336219859055417,-9.2658,-5.0049,30.77,34.35,130,131,"{'strat': 'momentum', 'rsi_l': (30, 60), 'rsi_s': (42, 72), 'sl_m': 1.0, 'tp_m': 2.0, 'max_bars': 48, 'cooldown': 8, 'adx_min': 20, 'be_after_r': 0.0, 'trailing': False}","{'strat': 'momentum', 'rsi_l': (30, 60), 'rsi_s': (42, 72), 'sl_m': 1.0, 'tp_m': 2.0, 'max_bars': 48, 'cooldown': 8, 'adx_min': 20, 'be_after_r': 0.0, 'trailing': False}"
0.0,momentum,261,65,196,85,32.57,0.7803,-14.2707,13.5819,-1.2729,0.5961,-0.369,6.0,9.336219859055417,-9.2658,-5.0049,30.77,34.35,130,131,"{'strat': 'momentum', 'rsi_l': (30, 60), 'rsi_s': (42, 72), 'sl_m': 1.0, 'tp_m': 2.0, 'max_bars': 48, 'cooldown': 8, 'adx_min': 20, 'be_after_r': 0.0, 'trailing': True}","{'strat': 'momentum', 'rsi_l': (30, 60), 'rsi_s': (42, 72), 'sl_m': 1.0, 'tp_m': 2.0, 'max_bars': 48, 'cooldown': 8, 'adx_min': 20, 'be_after_r': 0.0, 'trailing': True}"
0.0,momentum,261,65,196,51,19.54,0.76,-9.6615,10.2474,-1.1619,0.5999,-0.1917,3.5,9.336219859055417,-5.3851,-4.2764,16.92,22.14,130,131,"{'strat': 'momentum', 'rsi_l': (30, 60), 'rsi_s': (42, 72), 'sl_m': 1.0, 'tp_m': 2.0, 'max_bars': 48, 'cooldown': 8, 'adx_min': 20, 'be_after_r': 0.5, 'trailing': False}","{'strat': 'momentum', 'rsi_l': (30, 60), 'rsi_s': (42, 72), 'sl_m': 1.0, 'tp_m': 2.0, 'max_bars': 48, 'cooldown': 8, 'adx_min': 20, 'be_after_r': 0.5, 'trailing': False}"
0.0,momentum,261,65,196,82,31.42,0.8004,-7.5972,8.8574,-0.9405,0.3716,-0.2127,3.1,9.336219859055417,-4.1065,-3.4907,30.0,32.82,130,131,"{'strat': 'momentum', 'rsi_l': (30, 60), 'rsi_s': (42, 72), 'sl_m': 1.0, 'tp_m': 2.0, 'max_bars': 48, 'cooldown': 8, 'adx_min': 20, 'be_after_r': 0.5, 'trailing': True}","{'strat': 'momentum', 'rsi_l': (30, 60), 'rsi_s': (42, 72), 'sl_m': 1.0, 'tp_m': 2.0, 'max_bars': 48, 'cooldown': 8, 'adx_min': 20, 'be_after_r': 0.5, 'trailing': True}"
0.0,momentum,261,65,196,67,25.67,0.7471,-13.3967,12.761,-1.353,0.5907,-0.2731,4.6,9.336219859055417,-8.2581,-5.1386,23.85,27.48,130,131,"{'strat': 'momentum', 'rsi_l': (30, 60), 'rsi_s': (42, 72), 'sl_m': 1.0, 'tp_m': 2.0, 'max_bars': 48, 'cooldown': 8, 'adx_min': 20, 'be_after_r': 1.0, 'trailing': False}","{'strat': 'momentum', 'rsi_l': (30, 60), 'rsi_s': (42, 72), 'sl_m': 1.0, 'tp_m': 2.0, 'max_bars': 48, 'cooldown': 8, 'adx_min': 20, 'be_after_r': 1.0, 'trailing': False}"
0.0,momentum,261,65,196,103,39.46,0.7537,-12.5079,11.9664,-1.3096,0.3716,-0.3214,4.1,9.336219859055417,-8.9295,-3.5784,35.38,43.51,130,131,"{'strat': 'momentum', 'rsi_l': (30, 60), 'rsi_s': (42, 72), 'sl_m': 1.0, 'tp_m': 2.0, 'max_bars': 48, 'cooldown': 8, 'adx_min': 20, 'be_after_r': 1.0, 'trailing': True}","{'strat': 'momentum', 'rsi_l': (30, 60), 'rsi_s': (42, 72), 'sl_m': 1.0, 'tp_m': 2.0, 'max_bars': 48, 'cooldown': 8, 'adx_min': 20, 'be_after_r': 1.0, 'trailing': True}"
0.0,momentum,284,73,211,83,29.23,0.728,-19.9502,18.4253,-1.5149,0.6432,-0.3648,6.9,9.336219859055417,-4.2563,-15.6939,32.35,26.35,136,148,"{'strat': 'momentum', 'rsi_l': (30, 60), 'rsi_s': (42, 72), 'sl_m': 1.0, 'tp_m': 2.5, 'max_bars': 24, 'cooldown': 4, 'adx_min': 20, 'be_after_r': 0.0, 'trailing': False}","{'strat': 'momentum', 'rsi_l': (30, 60), 'rsi_s': (42, 72), 'sl_m': 1.0, 'tp_m': 2.5, 'max_bars': 24, 'cooldown': 4, 'adx_min': 20, 'be_after_r': 0.0, 'trailing': False}"
0.0,momentum,284,73,211,83,29.23,0.728,-19.9502,18.4253,-1.5149,0.6432,-0.3648,6.9,9.336219859055417,-4.2563,-15.6939,32.35,26.35,136,148,"{'strat': 'momentum', 'rsi_l': (30, 60), 'rsi_s': (42, 72), 'sl_m': 1.0, 'tp_m': 2.5, 'max_bars': 24, 'cooldown': 4, 'adx_min': 20, 'be_after_r': 0.0, 'trailing': True}","{'strat': 'momentum', 'rsi_l': (30, 60), 'rsi_s': (42, 72), 'sl_m': 1.0, 'tp_m': 2.5, 'max_bars': 24, 'cooldown': 4, 'adx_min': 20, 'be_after_r': 0.0, 'trailing': True}"
0.0,momentum,284,73,211,43,15.14,0.692,-13.8569,15.5731,-1.4133,0.724,-0.1867,4.2,9.336219859055417,-1.9389,-11.918,16.18,14.19,136,148,"{'strat': 'momentum', 'rsi_l': (30, 60), 'rsi_s': (42, 72), 'sl_m': 1.0, 'tp_m': 2.5, 'max_bars': 24, 'cooldown': 4, 'adx_min': 20, 'be_after_r': 0.5, 'trailing': False}","{'strat': 'momentum', 'rsi_l': (30, 60), 'rsi_s': (42, 72), 'sl_m': 1.0, 'tp_m': 2.5, 'max_bars': 24, 'cooldown': 4, 'adx_min': 20, 'be_after_r': 0.5, 'trailing': False}"
0.0,momentum,284,73,211,88,30.99,0.704,-12.4185,14.0835,-1.3904,0.3357,-0.2141,3.3,9.336219859055417,-3.2129,-9.2056,30.15,31.76,136,148,"{'strat': 'momentum', 'rsi_l': (30, 60), 'rsi_s': (42, 72), 'sl_m': 1.0, 'tp_m': 2.5, 'max_bars': 24, 'cooldown': 4, 'adx_min': 20, 'be_after_r': 0.5, 'trailing': True}","{'strat': 'momentum', 'rsi_l': (30, 60), 'rsi_s': (42, 72), 'sl_m': 1.0, 'tp_m': 2.5, 'max_bars': 24, 'cooldown': 4, 'adx_min': 20, 'be_after_r': 0.5, 'trailing': True}"
0.0,momentum,284,73,211,61,21.48,0.7172,-16.4257,15.4303,-1.4033,0.683,-0.2605,5.4,9.336219859055417,-4.071,-12.3547,24.26,18.92,136,148,"{'strat': 'momentum', 'rsi_l': (30, 60), 'rsi_s': (42, 72), 'sl_m': 1.0, 'tp_m': 2.5, 'max_bars': 24, 'cooldown': 4, 'adx_min': 20, 'be_after_r': 1.0, 'trailing': False}","{'strat': 'momentum', 'rsi_l': (30, 60), 'rsi_s': (42, 72), 'sl_m': 1.0, 'tp_m': 2.5, 'max_bars': 24, 'cooldown': 4, 'adx_min': 20, 'be_after_r': 1.0, 'trailing': False}"
0.0,momentum,284,73,211,113,39.79,0.6916,-16.9494,16.0805,-1.6189,0.3364,-0.3214,4.3,9.336219859055417,-7.988,-8.9614,36.03,43.24,136,148,"{'strat': 'momentum', 'rsi_l': (30, 60), 'rsi_s': (42, 72), 'sl_m': 1.0, 'tp_m': 2.5, 'max_bars': 24, 'cooldown': 4, 'adx_min': 20, 'be_after_r': 1.0, 'trailing': True}","{'strat': 'momentum', 'rsi_l': (30, 60), 'rsi_s': (42, 72), 'sl_m': 1.0, 'tp_m': 2.5, 'max_bars': 24, 'cooldown': 4, 'adx_min': 20, 'be_after_r': 1.0, 'trailing': True}"
0.0,momentum,261,65,196,75,28.74,0.7342,-18.1357,16.9174,-1.5323,0.668,-0.3668,6.8,9.336219859055417,-6.5277,-11.608,30.0,27.48,130,131,"{'strat': 'momentum', 'rsi_l': (30, 60), 'rsi_s': (42, 72), 'sl_m': 1.0, 'tp_m': 2.5, 'max_bars': 24, 'cooldown': 8, 'adx_min': 20, 'be_after_r': 0.0, 'trailing': False}","{'strat': 'momentum', 'rsi_l': (30, 60), 'rsi_s': (42, 72), 'sl_m': 1.0, 'tp_m': 2.5, 'max_bars': 24, 'cooldown': 8, 'adx_min': 20, 'be_after_r': 0.0, 'trailing': False}"
0.0,momentum,261,65,196,75,28.74,0.7342,-18.1357,16.9174,-1.5323,0.668,-0.3668,6.8,9.336219859055417,-6.5277,-11.608,30.0,27.48,130,131,"{'strat': 'momentum', 'rsi_l': (30, 60), 'rsi_s': (42, 72), 'sl_m': 1.0, 'tp_m': 2.5, 'max_bars': 24, 'cooldown': 8, 'adx_min': 20, 'be_after_r': 0.0, 'trailing': True}","{'strat': 'momentum', 'rsi_l': (30, 60), 'rsi_s': (42, 72), 'sl_m': 1.0, 'tp_m': 2.5, 'max_bars': 24, 'cooldown': 8, 'adx_min': 20, 'be_after_r': 0.0, 'trailing': True}"
0.0,momentum,261,65,196,39,14.94,0.7124,-11.7723,13.608,-1.3425,0.7476,-0.1844,4.1,9.336219859055417,-3.1498,-8.6225,14.62,15.27,130,131,"{'strat': 'momentum', 'rsi_l': (30, 60), 'rsi_s': (42, 72), 'sl_m': 1.0, 'tp_m': 2.5, 'max_bars': 24, 'cooldown': 8, 'adx_min': 20, 'be_after_r': 0.5, 'trailing': False}","{'strat': 'momentum', 'rsi_l': (30, 60), 'rsi_s': (42, 72), 'sl_m': 1.0, 'tp_m': 2.5, 'max_bars': 24, 'cooldown': 8, 'adx_min': 20, 'be_after_r': 0.5, 'trailing': False}"
0.0,momentum,261,65,196,80,30.65,0.7659,-8.9284,11.0289,-1.0944,0.3652,-0.2107,3.3,9.336219859055417,-3.6076,-5.3208,29.23,32.06,130,131,"{'strat': 'momentum', 'rsi_l': (30, 60), 'rsi_s': (42, 72), 'sl_m': 1.0, 'tp_m': 2.5, 'max_bars': 24, 'cooldown': 8, 'adx_min': 20, 'be_after_r': 0.5, 'trailing': True}","{'strat': 'momentum', 'rsi_l': (30, 60), 'rsi_s': (42, 72), 'sl_m': 1.0, 'tp_m': 2.5, 'max_bars': 24, 'cooldown': 8, 'adx_min': 20, 'be_after_r': 0.5, 'trailing': True}"
0.0,momentum,261,65,196,56,21.46,0.7328,-14.3181,13.6168,-1.3617,0.7013,-0.2614,5.3,9.336219859055417,-5.7537,-8.5644,22.31,20.61,130,131,"{'strat': 'momentum', 'rsi_l': (30, 60), 'rsi_s': (42, 72), 'sl_m': 1.0, 'tp_m': 2.5, 'max_bars': 24, 'cooldown': 8, 'adx_min': 20, 'be_after_r': 1.0, 'trailing': False}","{'strat': 'momentum', 'rsi_l': (30, 60), 'rsi_s': (42, 72), 'sl_m': 1.0, 'tp_m': 2.5, 'max_bars': 24, 'cooldown': 8, 'adx_min': 20, 'be_after_r': 1.0, 'trailing': False}"
0.0,momentum,261,65,196,101,38.7,0.728,-13.8321,13.4183,-1.4506,0.3666,-0.3178,4.2,9.336219859055417,-8.4458,-5.3862,34.62,42.75,130,131,"{'strat': 'momentum', 'rsi_l': (30, 60), 'rsi_s': (42, 72), 'sl_m': 1.0, 'tp_m': 2.5, 'max_bars': 24, 'cooldown': 8, 'adx_min': 20, 'be_after_r': 1.0, 'trailing': True}","{'strat': 'momentum', 'rsi_l': (30, 60), 'rsi_s': (42, 72), 'sl_m': 1.0, 'tp_m': 2.5, 'max_bars': 24, 'cooldown': 8, 'adx_min': 20, 'be_after_r': 1.0, 'trailing': True}"
0.0,momentum,284,73,211,81,28.52,0.7673,-17.4947,16.4258,-1.2695,0.712,-0.3703,7.5,9.336219859055417,-4.1424,-13.3523,30.88,26.35,136,148,"{'strat': 'momentum', 'rsi_l': (30, 60), 'rsi_s': (42, 72), 'sl_m': 1.0, 'tp_m': 2.5, 'max_bars': 48, 'cooldown': 4, 'adx_min': 20, 'be_after_r': 0.0, 'trailing': False}","{'strat': 'momentum', 'rsi_l': (30, 60), 'rsi_s': (42, 72), 'sl_m': 1.0, 'tp_m': 2.5, 'max_bars': 48, 'cooldown': 4, 'adx_min': 20, 'be_after_r': 0.0, 'trailing': False}"
0.0,momentum,284,73,211,81,28.52,0.7673,-17.4947,16.4258,-1.2695,0.712,-0.3703,7.5,9.336219859055417,-4.1424,-13.3523,30.88,26.35,136,148,"{'strat': 'momentum', 'rsi_l': (30, 60), 'rsi_s': (42, 72), 'sl_m': 1.0, 'tp_m': 2.5, 'max_bars': 48, 'cooldown': 4, 'adx_min': 20, 'be_after_r': 0.0, 'trailing': True}","{'strat': 'momentum', 'rsi_l': (30, 60), 'rsi_s': (42, 72), 'sl_m': 1.0, 'tp_m': 2.5, 'max_bars': 48, 'cooldown': 4, 'adx_min': 20, 'be_after_r': 0.0, 'trailing': True}"
0.0,momentum,284,73,211,43,15.14,0.6989,-13.5465,15.3131,-1.3713,0.7312,-0.1867,4.2,9.336219859055417,-1.9389,-11.6076,16.18,14.19,136,148,"{'strat': 'momentum', 'rsi_l': (30, 60), 'rsi_s': (42, 72), 'sl_m': 1.0, 'tp_m': 2.5, 'max_bars': 48, 'cooldown': 4, 'adx_min': 20, 'be_after_r': 0.5, 'trailing': False}","{'strat': 'momentum', 'rsi_l': (30, 60), 'rsi_s': (42, 72), 'sl_m': 1.0, 'tp_m': 2.5, 'max_bars': 48, 'cooldown': 4, 'adx_min': 20, 'be_after_r': 0.5, 'trailing': False}"
0.0,momentum,284,73,211,88,30.99,0.704,-12.4185,14.0835,-1.3904,0.3357,-0.2141,3.3,9.336219859055417,-3.2129,-9.2056,30.15,31.76,136,148,"{'strat': 'momentum', 'rsi_l': (30, 60), 'rsi_s': (42, 72), 'sl_m': 1.0, 'tp_m': 2.5, 'max_bars': 48, 'cooldown': 4, 'adx_min': 20, 'be_after_r': 0.5, 'trailing': True}","{'strat': 'momentum', 'rsi_l': (30, 60), 'rsi_s': (42, 72), 'sl_m': 1.0, 'tp_m': 2.5, 'max_bars': 48, 'cooldown': 4, 'adx_min': 20, 'be_after_r': 0.5, 'trailing': True}"
0.0,momentum,284,73,211,60,21.13,0.7275,-15.8412,14.9387,-1.3413,0.705,-0.2596,5.5,9.336219859055417,-3.7969,-12.0443,23.53,18.92,136,148,"{'strat': 'momentum', 'rsi_l': (30, 60), 'rsi_s': (42, 72), 'sl_m': 1.0, 'tp_m': 2.5, 'max_bars': 48, 'cooldown': 4, 'adx_min': 20, 'be_after_r': 1.0, 'trailing': False}","{'strat': 'momentum', 'rsi_l': (30, 60), 'rsi_s': (42, 72), 'sl_m': 1.0, 'tp_m': 2.5, 'max_bars': 48, 'cooldown': 4, 'adx_min': 20, 'be_after_r': 1.0, 'trailing': False}"
0.0,momentum,284,73,211,113,39.79,0.6904,-17.0146,16.1351,-1.6256,0.3358,-0.3214,4.3,9.336219859055417,-8.0532,-8.9614,36.03,43.24,136,148,"{'strat': 'momentum', 'rsi_l': (30, 60), 'rsi_s': (42, 72), 'sl_m': 1.0, 'tp_m': 2.5, 'max_bars': 48, 'cooldown': 4, 'adx_min': 20, 'be_after_r': 1.0, 'trailing': True}","{'strat': 'momentum', 'rsi_l': (30, 60), 'rsi_s': (42, 72), 'sl_m': 1.0, 'tp_m': 2.5, 'max_bars': 48, 'cooldown': 4, 'adx_min': 20, 'be_after_r': 1.0, 'trailing': True}"
0.0,momentum,261,65,196,74,28.35,0.7808,-15.1725,14.4442,-1.2286,0.7303,-0.3701,7.3,9.336219859055417,-6.4137,-8.7588,28.46,28.24,130,131,"{'strat': 'momentum', 'rsi_l': (30, 60), 'rsi_s': (42, 72), 'sl_m': 1.0, 'tp_m': 2.5, 'max_bars': 48, 'cooldown': 8, 'adx_min': 20, 'be_after_r': 0.0, 'trailing': False}","{'strat': 'momentum', 'rsi_l': (30, 60), 'rsi_s': (42, 72), 'sl_m': 1.0, 'tp_m': 2.5, 'max_bars': 48, 'cooldown': 8, 'adx_min': 20, 'be_after_r': 0.0, 'trailing': False}"
0.0,momentum,261,65,196,74,28.35,0.7808,-15.1725,14.4442,-1.2286,0.7303,-0.3701,7.3,9.336219859055417,-6.4137,-8.7588,28.46,28.24,130,131,"{'strat': 'momentum', 'rsi_l': (30, 60), 'rsi_s': (42, 72), 'sl_m': 1.0, 'tp_m': 2.5, 'max_bars': 48, 'cooldown': 8, 'adx_min': 20, 'be_after_r': 0.0, 'trailing': True}","{'strat': 'momentum', 'rsi_l': (30, 60), 'rsi_s': (42, 72), 'sl_m': 1.0, 'tp_m': 2.5, 'max_bars': 48, 'cooldown': 8, 'adx_min': 20, 'be_after_r': 0.0, 'trailing': True}"
0.0,momentum,261,65,196,39,14.94,0.72,-11.4619,13.342,-1.2969,0.7556,-0.1844,4.1,9.336219859055417,-3.1498,-8.3121,14.62,15.27,130,131,"{'strat': 'momentum', 'rsi_l': (30, 60), 'rsi_s': (42, 72), 'sl_m': 1.0, 'tp_m': 2.5, 'max_bars': 48, 'cooldown': 8, 'adx_min': 20, 'be_after_r': 0.5, 'trailing': False}","{'strat': 'momentum', 'rsi_l': (30, 60), 'rsi_s': (42, 72), 'sl_m': 1.0, 'tp_m': 2.5, 'max_bars': 48, 'cooldown': 8, 'adx_min': 20, 'be_after_r': 0.5, 'trailing': False}"
0.0,momentum,261,65,196,80,30.65,0.7659,-8.9284,11.0289,-1.0944,0.3652,-0.2107,3.3,9.336219859055417,-3.6076,-5.3208,29.23,32.06,130,131,"{'strat': 'momentum', 'rsi_l': (30, 60), 'rsi_s': (42, 72), 'sl_m': 1.0, 'tp_m': 2.5, 'max_bars': 48, 'cooldown': 8, 'adx_min': 20, 'be_after_r': 0.5, 'trailing': True}","{'strat': 'momentum', 'rsi_l': (30, 60), 'rsi_s': (42, 72), 'sl_m': 1.0, 'tp_m': 2.5, 'max_bars': 48, 'cooldown': 8, 'adx_min': 20, 'be_after_r': 0.5, 'trailing': True}"
0.0,momentum,261,65,196,55,21.07,0.744,-13.7336,13.1147,-1.2939,0.7257,-0.2604,5.4,9.336219859055417,-5.4796,-8.254,21.54,20.61,130,131,"{'strat': 'momentum', 'rsi_l': (30, 60), 'rsi_s': (42, 72), 'sl_m': 1.0, 'tp_m': 2.5, 'max_bars': 48, 'cooldown': 8, 'adx_min': 20, 'be_after_r': 1.0, 'trailing': False}","{'strat': 'momentum', 'rsi_l': (30, 60), 'rsi_s': (42, 72), 'sl_m': 1.0, 'tp_m': 2.5, 'max_bars': 48, 'cooldown': 8, 'adx_min': 20, 'be_after_r': 1.0, 'trailing': False}"
0.0,momentum,261,65,196,101,38.7,0.7267,-13.8972,13.4747,-1.4578,0.3659,-0.3178,4.3,9.336219859055417,-8.511,-5.3862,34.62,42.75,130,131,"{'strat': 'momentum', 'rsi_l': (30, 60), 'rsi_s': (42, 72), 'sl_m': 1.0, 'tp_m': 2.5, 'max_bars': 48, 'cooldown': 8, 'adx_min': 20, 'be_after_r': 1.0, 'trailing': True}","{'strat': 'momentum', 'rsi_l': (30, 60), 'rsi_s': (42, 72), 'sl_m': 1.0, 'tp_m': 2.5, 'max_bars': 48, 'cooldown': 8, 'adx_min': 20, 'be_after_r': 1.0, 'trailing': True}"
0.0,momentum,284,73,211,106,37.32,0.7402,-22.8972,22.2787,-1.4743,0.6154,-0.4951,9.4,9.336219859055417,-6.025,-16.8722,39.71,35.14,136,148,"{'strat': 'momentum', 'rsi_l': (30, 60), 'rsi_s': (42, 72), 'sl_m': 1.5, 'tp_m': 2.5, 'max_bars': 24, 'cooldown': 4, 'adx_min': 20, 'be_after_r': 0.0, 'trailing': False}","{'strat': 'momentum', 'rsi_l': (30, 60), 'rsi_s': (42, 72), 'sl_m': 1.5, 'tp_m': 2.5, 'max_bars': 24, 'cooldown': 4, 'adx_min': 20, 'be_after_r': 0.0, 'trailing': False}"
0.0,momentum,284,73,211,106,37.32,0.7402,-22.8972,22.2787,-1.4743,0.6154,-0.4951,9.4,9.336219859055417,-6.025,-16.8722,39.71,35.14,136,148,"{'strat': 'momentum', 'rsi_l': (30, 60), 'rsi_s': (42, 72), 'sl_m': 1.5, 'tp_m': 2.5, 'max_bars': 24, 'cooldown': 4, 'adx_min': 20, 'be_after_r': 0.0, 'trailing': True}","{'strat': 'momentum', 'rsi_l': (30, 60), 'rsi_s': (42, 72), 'sl_m': 1.5, 'tp_m': 2.5, 'max_bars': 24, 'cooldown': 4, 'adx_min': 20, 'be_after_r': 0.0, 'trailing': True}"
0.0,momentum,284,73,211,48,16.9,0.7245,-13.3517,16.0451,-1.2101,0.7314,-0.2053,5.3,9.336219859055417,-2.0269,-11.3248,17.65,16.22,136,148,"{'strat': 'momentum', 'rsi_l': (30, 60), 'rsi_s': (42, 72), 'sl_m': 1.5, 'tp_m': 2.5, 'max_bars': 24, 'cooldown': 4, 'adx_min': 20, 'be_after_r': 0.5, 'trailing': False}","{'strat': 'momentum', 'rsi_l': (30, 60), 'rsi_s': (42, 72), 'sl_m': 1.5, 'tp_m': 2.5, 'max_bars': 24, 'cooldown': 4, 'adx_min': 20, 'be_after_r': 0.5, 'trailing': False}"
0.0,momentum,284,73,211,94,33.1,0.731,-12.189,14.7306,-1.1934,0.3523,-0.2385,4.4,9.336219859055417,-3.6402,-8.5488,32.35,33.78,136,148,"{'strat': 'momentum', 'rsi_l': (30, 60), 'rsi_s': (42, 72), 'sl_m': 1.5, 'tp_m': 2.5, 'max_bars': 24, 'cooldown': 4, 'adx_min': 20, 'be_after_r': 0.5, 'trailing': True}","{'strat': 'momentum', 'rsi_l': (30, 60), 'rsi_s': (42, 72), 'sl_m': 1.5, 'tp_m': 2.5, 'max_bars': 24, 'cooldown': 4, 'adx_min': 20, 'be_after_r': 0.5, 'trailing': True}"
0.0,momentum,284,73,211,69,24.3,0.7097,-19.4677,19.8017,-1.4351,0.6898,-0.3119,7.1,9.336219859055417,-5.6759,-13.7918,27.21,21.62,136,148,"{'strat': 'momentum', 'rsi_l': (30, 60), 'rsi_s': (42, 72), 'sl_m': 1.5, 'tp_m': 2.5, 'max_bars': 24, 'cooldown': 4, 'adx_min': 20, 'be_after_r': 1.0, 'trailing': False}","{'strat': 'momentum', 'rsi_l': (30, 60), 'rsi_s': (42, 72), 'sl_m': 1.5, 'tp_m': 2.5, 'max_bars': 24, 'cooldown': 4, 'adx_min': 20, 'be_after_r': 1.0, 'trailing': False}"
0.0,momentum,284,73,211,124,43.66,0.6785,-20.4926,20.5477,-1.6502,0.3487,-0.3984,5.9,9.336219859055417,-10.1244,-10.3683,41.18,45.95,136,148,"{'strat': 'momentum', 'rsi_l': (30, 60), 'rsi_s': (42, 72), 'sl_m': 1.5, 'tp_m': 2.5, 'max_bars': 24, 'cooldown': 4, 'adx_min': 20, 'be_after_r': 1.0, 'trailing': True}","{'strat': 'momentum', 'rsi_l': (30, 60), 'rsi_s': (42, 72), 'sl_m': 1.5, 'tp_m': 2.5, 'max_bars': 24, 'cooldown': 4, 'adx_min': 20, 'be_after_r': 1.0, 'trailing': True}"
0.0,momentum,261,65,196,96,36.78,0.7296,-22.2755,21.7697,-1.6095,0.626,-0.4992,9.2,9.336219859055417,-8.5181,-13.7575,37.69,35.88,130,131,"{'strat': 'momentum', 'rsi_l': (30, 60), 'rsi_s': (42, 72), 'sl_m': 1.5, 'tp_m': 2.5, 'max_bars': 24, 'cooldown': 8, 'adx_min': 20, 'be_after_r': 0.0, 'trailing': False}","{'strat': 'momentum', 'rsi_l': (30, 60), 'rsi_s': (42, 72), 'sl_m': 1.5, 'tp_m': 2.5, 'max_bars': 24, 'cooldown': 8, 'adx_min': 20, 'be_after_r': 0.0, 'trailing': False}"
0.0,momentum,261,65,196,96,36.78,0.7296,-22.2755,21.7697,-1.6095,0.626,-0.4992,9.2,9.336219859055417,-8.5181,-13.7575,37.69,35.88,130,131,"{'strat': 'momentum', 'rsi_l': (30, 60), 'rsi_s': (42, 72), 'sl_m': 1.5, 'tp_m': 2.5, 'max_bars': 24, 'cooldown': 8, 'adx_min': 20, 'be_after_r': 0.0, 'trailing': True}","{'strat': 'momentum', 'rsi_l': (30, 60), 'rsi_s': (42, 72), 'sl_m': 1.5, 'tp_m': 2.5, 'max_bars': 24, 'cooldown': 8, 'adx_min': 20, 'be_after_r': 0.0, 'trailing': True}"
0.0,momentum,261,65,196,43,16.48,0.7034,-13.4523,15.7928,-1.3754,0.7418,-0.208,5.1,9.336219859055417,-3.759,-9.6933,16.15,16.79,130,131,"{'strat': 'momentum', 'rsi_l': (30, 60), 'rsi_s': (42, 72), 'sl_m': 1.5, 'tp_m': 2.5, 'max_bars': 24, 'cooldown': 8, 'adx_min': 20, 'be_after_r': 0.5, 'trailing': False}","{'strat': 'momentum', 'rsi_l': (30, 60), 'rsi_s': (42, 72), 'sl_m': 1.5, 'tp_m': 2.5, 'max_bars': 24, 'cooldown': 8, 'adx_min': 20, 'be_after_r': 0.5, 'trailing': False}"
0.0,momentum,261,65,196,84,32.18,0.739,-11.0999,14.0817,-1.2078,0.3742,-0.2403,4.3,9.336219859055417,-4.739,-6.3609,30.77,33.59,130,131,"{'strat': 'momentum', 'rsi_l': (30, 60), 'rsi_s': (42, 72), 'sl_m': 1.5, 'tp_m': 2.5, 'max_bars': 24, 'cooldown': 8, 'adx_min': 20, 'be_after_r': 0.5, 'trailing': True}","{'strat': 'momentum', 'rsi_l': (30, 60), 'rsi_s': (42, 72), 'sl_m': 1.5, 'tp_m': 2.5, 'max_bars': 24, 'cooldown': 8, 'adx_min': 20, 'be_after_r': 0.5, 'trailing': True}"
0.0,momentum,261,65,196,63,24.14,0.6978,-19.0434,19.4426,-1.573,0.698,-0.3183,6.9,9.336219859055417,-7.8798,-11.1636,25.38,22.9,130,131,"{'strat': 'momentum', 'rsi_l': (30, 60), 'rsi_s': (42, 72), 'sl_m': 1.5, 'tp_m': 2.5, 'max_bars': 24, 'cooldown': 8, 'adx_min': 20, 'be_after_r': 1.0, 'trailing': False}","{'strat': 'momentum', 'rsi_l': (30, 60), 'rsi_s': (42, 72), 'sl_m': 1.5, 'tp_m': 2.5, 'max_bars': 24, 'cooldown': 8, 'adx_min': 20, 'be_after_r': 1.0, 'trailing': False}"
0.0,momentum,261,65,196,110,42.15,0.6792,-19.2951,19.5792,-1.727,0.3713,-0.3983,5.8,9.336219859055417,-11.34,-7.9552,39.23,45.04,130,131,"{'strat': 'momentum', 'rsi_l': (30, 60), 'rsi_s': (42, 72), 'sl_m': 1.5, 'tp_m': 2.5, 'max_bars': 24, 'cooldown': 8, 'adx_min': 20, 'be_after_r': 1.0, 'trailing': True}","{'strat': 'momentum', 'rsi_l': (30, 60), 'rsi_s': (42, 72), 'sl_m': 1.5, 'tp_m': 2.5, 'max_bars': 24, 'cooldown': 8, 'adx_min': 20, 'be_after_r': 1.0, 'trailing': True}"
0.0,momentum,284,73,211,110,38.73,0.8601,-12.6993,16.1691,-0.7461,0.7101,-0.5219,10.7,9.336219859055417,-4.3909,-8.3084,39.71,37.84,136,148,"{'strat': 'momentum', 'rsi_l': (30, 60), 'rsi_s': (42, 72), 'sl_m': 1.5, 'tp_m': 2.5, 'max_bars': 48, 'cooldown': 4, 'adx_min': 20, 'be_after_r': 0.0, 'trailing': False}","{'strat': 'momentum', 'rsi_l': (30, 60), 'rsi_s': (42, 72), 'sl_m': 1.5, 'tp_m': 2.5, 'max_bars': 48, 'cooldown': 4, 'adx_min': 20, 'be_after_r': 0.0, 'trailing': False}"
0.0,momentum,284,73,211,110,38.73,0.8601,-12.6993,16.1691,-0.7461,0.7101,-0.5219,10.7,9.336219859055417,-4.3909,-8.3084,39.71,37.84,136,148,"{'strat': 'momentum', 'rsi_l': (30, 60), 'rsi_s': (42, 72), 'sl_m': 1.5, 'tp_m': 2.5, 'max_bars': 48, 'cooldown': 4, 'adx_min': 20, 'be_after_r': 0.0, 'trailing': True}","{'strat': 'momentum', 'rsi_l': (30, 60), 'rsi_s': (42, 72), 'sl_m': 1.5, 'tp_m': 2.5, 'max_bars': 48, 'cooldown': 4, 'adx_min': 20, 'be_after_r': 0.0, 'trailing': True}"
0.0,momentum,284,73,211,49,17.25,0.7664,-11.2187,14.2456,-0.992,0.7512,-0.2044,5.4,9.336219859055417,-2.0269,-9.1918,17.65,16.89,136,148,"{'strat': 'momentum', 'rsi_l': (30, 60), 'rsi_s': (42, 72), 'sl_m': 1.5, 'tp_m': 2.5, 'max_bars': 48, 'cooldown': 4, 'adx_min': 20, 'be_after_r': 0.5, 'trailing': False}","{'strat': 'momentum', 'rsi_l': (30, 60), 'rsi_s': (42, 72), 'sl_m': 1.5, 'tp_m': 2.5, 'max_bars': 48, 'cooldown': 4, 'adx_min': 20, 'be_after_r': 0.5, 'trailing': False}"
0.0,momentum,284,73,211,96,33.8,0.7422,-11.5575,14.1903,-1.1314,0.3465,-0.2384,4.5,9.336219859055417,-3.6402,-7.9173,32.35,35.14,136,148,"{'strat': 'momentum', 'rsi_l': (30, 60), 'rsi_s': (42, 72), 'sl_m': 1.5, 'tp_m': 2.5, 'max_bars': 48, 'cooldown': 4, 'adx_min': 20, 'be_after_r': 0.5, 'trailing': True}","{'strat': 'momentum', 'rsi_l': (30, 60), 'rsi_s': (42, 72), 'sl_m': 1.5, 'tp_m': 2.5, 'max_bars': 48, 'cooldown': 4, 'adx_min': 20, 'be_after_r': 0.5, 'trailing': True}"
0.0,momentum,284,73,211,69,24.3,0.7344,-18.0071,18.3479,-1.2923,0.7218,-0.3154,7.3,9.336219859055417,-6.3483,-11.6588,26.47,22.3,136,148,"{'strat': 'momentum', 'rsi_l': (30, 60), 'rsi_s': (42, 72), 'sl_m': 1.5, 'tp_m': 2.5, 'max_bars': 48, 'cooldown': 4, 'adx_min': 20, 'be_after_r': 1.0, 'trailing': False}","{'strat': 'momentum', 'rsi_l': (30, 60), 'rsi_s': (42, 72), 'sl_m': 1.5, 'tp_m': 2.5, 'max_bars': 48, 'cooldown': 4, 'adx_min': 20, 'be_after_r': 1.0, 'trailing': False}"
0.0,momentum,284,73,211,126,44.37,0.6934,-19.7324,19.53,-1.5547,0.3543,-0.4074,6.0,9.336219859055417,-11.3076,-8.4248,41.18,47.3,136,148,"{'strat': 'momentum', 'rsi_l': (30, 60), 'rsi_s': (42, 72), 'sl_m': 1.5, 'tp_m': 2.5, 'max_bars': 48, 'cooldown': 4, 'adx_min': 20, 'be_after_r': 1.0, 'trailing': True}","{'strat': 'momentum', 'rsi_l': (30, 60), 'rsi_s': (42, 72), 'sl_m': 1.5, 'tp_m': 2.5, 'max_bars': 48, 'cooldown': 4, 'adx_min': 20, 'be_after_r': 1.0, 'trailing': True}"
0.0,momentum,261,65,196,98,37.55,0.8188,-15.483,16.6394,-1.0307,0.7141,-0.5243,10.6,9.336219859055417,-8.4864,-6.9966,36.92,38.17,130,131,"{'strat': 'momentum', 'rsi_l': (30, 60), 'rsi_s': (42, 72), 'sl_m': 1.5, 'tp_m': 2.5, 'max_bars': 48, 'cooldown': 8, 'adx_min': 20, 'be_after_r': 0.0, 'trailing': False}","{'strat': 'momentum', 'rsi_l': (30, 60), 'rsi_s': (42, 72), 'sl_m': 1.5, 'tp_m': 2.5, 'max_bars': 48, 'cooldown': 8, 'adx_min': 20, 'be_after_r': 0.0, 'trailing': False}"
0.0,momentum,261,65,196,98,37.55,0.8188,-15.483,16.6394,-1.0307,0.7141,-0.5243,10.6,9.336219859055417,-8.4864,-6.9966,36.92,38.17,130,131,"{'strat': 'momentum', 'rsi_l': (30, 60), 'rsi_s': (42, 72), 'sl_m': 1.5, 'tp_m': 2.5, 'max_bars': 48, 'cooldown': 8, 'adx_min': 20, 'be_after_r': 0.0, 'trailing': True}","{'strat': 'momentum', 'rsi_l': (30, 60), 'rsi_s': (42, 72), 'sl_m': 1.5, 'tp_m': 2.5, 'max_bars': 48, 'cooldown': 8, 'adx_min': 20, 'be_after_r': 0.0, 'trailing': True}"
0.0,momentum,261,65,196,44,16.86,0.748,-11.3193,13.988,-1.1269,0.7636,-0.207,5.2,9.336219859055417,-3.759,-7.5603,16.15,17.56,130,131,"{'strat': 'momentum', 'rsi_l': (30, 60), 'rsi_s': (42, 72), 'sl_m': 1.5, 'tp_m': 2.5, 'max_bars': 48, 'cooldown': 8, 'adx_min': 20, 'be_after_r': 0.5, 'trailing': False}","{'strat': 'momentum', 'rsi_l': (30, 60), 'rsi_s': (42, 72), 'sl_m': 1.5, 'tp_m': 2.5, 'max_bars': 48, 'cooldown': 8, 'adx_min': 20, 'be_after_r': 0.5, 'trailing': False}"
0.0,momentum,261,65,196,86,32.95,0.751,-10.4685,13.5373,-1.1389,0.3672,-0.2403,4.4,9.336219859055417,-4.739,-5.7294,30.77,35.11,130,131,"{'strat': 'momentum', 'rsi_l': (30, 60), 'rsi_s': (42, 72), 'sl_m': 1.5, 'tp_m': 2.5, 'max_bars': 48, 'cooldown': 8, 'adx_min': 20, 'be_after_r': 0.5, 'trailing': True}","{'strat': 'momentum', 'rsi_l': (30, 60), 'rsi_s': (42, 72), 'sl_m': 1.5, 'tp_m': 2.5, 'max_bars': 48, 'cooldown': 8, 'adx_min': 20, 'be_after_r': 0.5, 'trailing': True}"
0.0,momentum,261,65,196,63,24.14,0.7243,-17.5827,17.9822,-1.4115,0.733,-0.322,7.2,9.336219859055417,-8.5522,-9.0305,24.62,23.66,130,131,"{'strat': 'momentum', 'rsi_l': (30, 60), 'rsi_s': (42, 72), 'sl_m': 1.5, 'tp_m': 2.5, 'max_bars': 48, 'cooldown': 8, 'adx_min': 20, 'be_after_r': 1.0, 'trailing': False}","{'strat': 'momentum', 'rsi_l': (30, 60), 'rsi_s': (42, 72), 'sl_m': 1.5, 'tp_m': 2.5, 'max_bars': 48, 'cooldown': 8, 'adx_min': 20, 'be_after_r': 1.0, 'trailing': False}"
0.0,momentum,261,65,196,112,42.91,0.695,-18.5349,18.549,-1.6216,0.3771,-0.4079,6.0,9.336219859055417,-12.5232,-6.0117,39.23,46.56,130,131,"{'strat': 'momentum', 'rsi_l': (30, 60), 'rsi_s': (42, 72), 'sl_m': 1.5, 'tp_m': 2.5, 'max_bars': 48, 'cooldown': 8, 'adx_min': 20, 'be_after_r': 1.0, 'trailing': True}","{'strat': 'momentum', 'rsi_l': (30, 60), 'rsi_s': (42, 72), 'sl_m': 1.5, 'tp_m': 2.5, 'max_bars': 48, 'cooldown': 8, 'adx_min': 20, 'be_after_r': 1.0, 'trailing': True}"
0.0,momentum,141,75,66,45,31.91,0.6401,-10.2792,9.8552,-3.1762,0.4062,-0.2975,4.1,9.336219859055417,-7.4316,-2.8477,30.77,32.89,65,76,"{'strat': 'momentum', 'rsi_l': (30, 60), 'rsi_s': (45, 75), 'sl_m': 0.75, 'tp_m': 1.5, 'max_bars': 24, 'cooldown': 4, 'adx_min': 20, 'be_after_r': 0.0, 'trailing': False}","{'strat': 'momentum', 'rsi_l': (30, 60), 'rsi_s': (45, 75), 'sl_m': 0.75, 'tp_m': 1.5, 'max_bars': 24, 'cooldown': 4, 'adx_min': 20, 'be_after_r': 0.0, 'trailing': False}"
0.0,momentum,141,75,66,45,31.91,0.6401,-10.2792,9.8552,-3.1762,0.4062,-0.2975,4.1,9.336219859055417,-7.4316,-2.8477,30.77,32.89,65,76,"{'strat': 'momentum', 'rsi_l': (30, 60), 'rsi_s': (45, 75), 'sl_m': 0.75, 'tp_m': 1.5, 'max_bars': 24, 'cooldown': 4, 'adx_min': 20, 'be_after_r': 0.0, 'trailing': True}","{'strat': 'momentum', 'rsi_l': (30, 60), 'rsi_s': (45, 75), 'sl_m': 0.75, 'tp_m': 1.5, 'max_bars': 24, 'cooldown': 4, 'adx_min': 20, 'be_after_r': 0.0, 'trailing': True}"
0.0,momentum,141,75,66,30,21.28,0.6124,-8.0624,8.4679,-3.0979,0.4246,-0.1874,2.8,9.336219859055417,-4.0118,-4.0506,23.08,19.74,65,76,"{'strat': 'momentum', 'rsi_l': (30, 60), 'rsi_s': (45, 75), 'sl_m': 0.75, 'tp_m': 1.5, 'max_bars': 24, 'cooldown': 4, 'adx_min': 20, 'be_after_r': 0.5, 'trailing': False}","{'strat': 'momentum', 'rsi_l': (30, 60), 'rsi_s': (45, 75), 'sl_m': 0.75, 'tp_m': 1.5, 'max_bars': 24, 'cooldown': 4, 'adx_min': 20, 'be_after_r': 0.5, 'trailing': False}"
0.0,momentum,141,75,66,43,30.5,0.664,-6.688,7.4582,-2.5775,0.3073,-0.2031,2.6,9.336219859055417,-3.2074,-3.4806,32.31,28.95,65,76,"{'strat': 'momentum', 'rsi_l': (30, 60), 'rsi_s': (45, 75), 'sl_m': 0.75, 'tp_m': 1.5, 'max_bars': 24, 'cooldown': 4, 'adx_min': 20, 'be_after_r': 0.5, 'trailing': True}","{'strat': 'momentum', 'rsi_l': (30, 60), 'rsi_s': (45, 75), 'sl_m': 0.75, 'tp_m': 1.5, 'max_bars': 24, 'cooldown': 4, 'adx_min': 20, 'be_after_r': 0.5, 'trailing': True}"
0.0,momentum,141,75,66,36,25.53,0.5789,-10.9195,10.4187,-3.6554,0.4169,-0.2469,3.5,9.336219859055417,-6.859,-4.0605,27.69,23.68,65,76,"{'strat': 'momentum', 'rsi_l': (30, 60), 'rsi_s': (45, 75), 'sl_m': 0.75, 'tp_m': 1.5, 'max_bars': 24, 'cooldown': 4, 'adx_min': 20, 'be_after_r': 1.0, 'trailing': False}","{'strat': 'momentum', 'rsi_l': (30, 60), 'rsi_s': (45, 75), 'sl_m': 0.75, 'tp_m': 1.5, 'max_bars': 24, 'cooldown': 4, 'adx_min': 20, 'be_after_r': 1.0, 'trailing': False}"
0.0,momentum,141,75,66,51,36.17,0.6515,-8.7384,8.4436,-2.8932,0.3203,-0.2786,3.2,9.336219859055417,-6.3318,-2.4067,33.85,38.16,65,76,"{'strat': 'momentum', 'rsi_l': (30, 60), 'rsi_s': (45, 75), 'sl_m': 0.75, 'tp_m': 1.5, 'max_bars': 24, 'cooldown': 4, 'adx_min': 20, 'be_after_r': 1.0, 'trailing': True}","{'strat': 'momentum', 'rsi_l': (30, 60), 'rsi_s': (45, 75), 'sl_m': 0.75, 'tp_m': 1.5, 'max_bars': 24, 'cooldown': 4, 'adx_min': 20, 'be_after_r': 1.0, 'trailing': True}"
0.0,momentum,138,73,65,44,31.88,0.6356,-10.1774,9.761,-3.259,0.4034,-0.2971,4.1,9.336219859055417,-6.9847,-3.1927,31.25,32.43,64,74,"{'strat': 'momentum', 'rsi_l': (30, 60), 'rsi_s': (45, 75), 'sl_m': 0.75, 'tp_m': 1.5, 'max_bars': 24, 'cooldown': 8, 'adx_min': 20, 'be_after_r': 0.0, 'trailing': False}","{'strat': 'momentum', 'rsi_l': (30, 60), 'rsi_s': (45, 75), 'sl_m': 0.75, 'tp_m': 1.5, 'max_bars': 24, 'cooldown': 8, 'adx_min': 20, 'be_after_r': 0.0, 'trailing': False}"
0.0,momentum,138,73,65,44,31.88,0.6356,-10.1774,9.761,-3.259,0.4034,-0.2971,4.1,9.336219859055417,-6.9847,-3.1927,31.25,32.43,64,74,"{'strat': 'momentum', 'rsi_l': (30, 60), 'rsi_s': (45, 75), 'sl_m': 0.75, 'tp_m': 1.5, 'max_bars': 24, 'cooldown': 8, 'adx_min': 20, 'be_after_r': 0.0, 'trailing': True}","{'strat': 'momentum', 'rsi_l': (30, 60), 'rsi_s': (45, 75), 'sl_m': 0.75, 'tp_m': 1.5, 'max_bars': 24, 'cooldown': 8, 'adx_min': 20, 'be_after_r': 0.0, 'trailing': True}"
0.0,momentum,138,73,65,30,21.74,0.6333,-7.3747,7.8352,-2.9162,0.4246,-0.1862,2.8,9.336219859055417,-3.5649,-3.8098,23.44,20.27,64,74,"{'strat': 'momentum', 'rsi_l': (30, 60), 'rsi_s': (45, 75), 'sl_m': 0.75, 'tp_m': 1.5, 'max_bars': 24, 'cooldown': 8, 'adx_min': 20, 'be_after_r': 0.5, 'trailing': False}","{'strat': 'momentum', 'rsi_l': (30, 60), 'rsi_s': (45, 75), 'sl_m': 0.75, 'tp_m': 1.5, 'max_bars': 24, 'cooldown': 8, 'adx_min': 20, 'be_after_r': 0.5, 'trailing': False}"
0.0,momentum,138,73,65,43,31.16,0.6877,-6.0003,6.8185,-2.3809,0.3073,-0.2023,2.6,9.336219859055417,-2.7605,-3.2398,32.81,29.73,64,74,"{'strat': 'momentum', 'rsi_l': (30, 60), 'rsi_s': (45, 75), 'sl_m': 0.75, 'tp_m': 1.5, 'max_bars': 24, 'cooldown': 8, 'adx_min': 20, 'be_after_r': 0.5, 'trailing': True}","{'strat': 'momentum', 'rsi_l': (30, 60), 'rsi_s': (45, 75), 'sl_m': 0.75, 'tp_m': 1.5, 'max_bars': 24, 'cooldown': 8, 'adx_min': 20, 'be_after_r': 0.5, 'trailing': True}"
0.0,momentum,138,73,65,35,25.36,0.5724,-10.8177,10.3251,-3.7623,0.4137,-0.2456,3.5,9.336219859055417,-6.4121,-4.4056,28.12,22.97,64,74,"{'strat': 'momentum', 'rsi_l': (30, 60), 'rsi_s': (45, 75), 'sl_m': 0.75, 'tp_m': 1.5, 'max_bars': 24, 'cooldown': 8, 'adx_min': 20, 'be_after_r': 1.0, 'trailing': False}","{'strat': 'momentum', 'rsi_l': (30, 60), 'rsi_s': (45, 75), 'sl_m': 0.75, 'tp_m': 1.5, 'max_bars': 24, 'cooldown': 8, 'adx_min': 20, 'be_after_r': 1.0, 'trailing': False}"
0.0,momentum,138,73,65,50,36.23,0.6467,-8.6366,8.348,-2.9694,0.3161,-0.2778,3.2,9.336219859055417,-5.8849,-2.7517,34.38,37.84,64,74,"{'strat': 'momentum', 'rsi_l': (30, 60), 'rsi_s': (45, 75), 'sl_m': 0.75, 'tp_m': 1.5, 'max_bars': 24, 'cooldown': 8, 'adx_min': 20, 'be_after_r': 1.0, 'trailing': True}","{'strat': 'momentum', 'rsi_l': (30, 60), 'rsi_s': (45, 75), 'sl_m': 0.75, 'tp_m': 1.5, 'max_bars': 24, 'cooldown': 8, 'adx_min': 20, 'be_after_r': 1.0, 'trailing': True}"
0.0,momentum,141,75,66,46,32.62,0.7051,-8.3211,8.178,-2.4678,0.4326,-0.297,4.4,9.336219859055417,-7.4316,-0.8895,30.77,34.21,65,76,"{'strat': 'momentum', 'rsi_l': (30, 60), 'rsi_s': (45, 75), 'sl_m': 0.75, 'tp_m': 1.5, 'max_bars': 48, 'cooldown': 4, 'adx_min': 20, 'be_after_r': 0.0, 'trailing': False}","{'strat': 'momentum', 'rsi_l': (30, 60), 'rsi_s': (45, 75), 'sl_m': 0.75, 'tp_m': 1.5, 'max_bars': 48, 'cooldown': 4, 'adx_min': 20, 'be_after_r': 0.0, 'trailing': False}"
0.0,momentum,141,75,66,46,32.62,0.7051,-8.3211,8.178,-2.4678,0.4326,-0.297,4.4,9.336219859055417,-7.4316,-0.8895,30.77,34.21,65,76,"{'strat': 'momentum', 'rsi_l': (30, 60), 'rsi_s': (45, 75), 'sl_m': 0.75, 'tp_m': 1.5, 'max_bars': 48, 'cooldown': 4, 'adx_min': 20, 'be_after_r': 0.0, 'trailing': True}","{'strat': 'momentum', 'rsi_l': (30, 60), 'rsi_s': (45, 75), 'sl_m': 0.75, 'tp_m': 1.5, 'max_bars': 48, 'cooldown': 4, 'adx_min': 20, 'be_after_r': 0.0, 'trailing': True}"
0.0,momentum,141,75,66,30,21.28,0.6124,-8.0624,8.4679,-3.0979,0.4246,-0.1874,2.8,9.336219859055417,-4.0118,-4.0506,23.08,19.74,65,76,"{'strat': 'momentum', 'rsi_l': (30, 60), 'rsi_s': (45, 75), 'sl_m': 0.75, 'tp_m': 1.5, 'max_bars': 48, 'cooldown': 4, 'adx_min': 20, 'be_after_r': 0.5, 'trailing': False}","{'strat': 'momentum', 'rsi_l': (30, 60), 'rsi_s': (45, 75), 'sl_m': 0.75, 'tp_m': 1.5, 'max_bars': 48, 'cooldown': 4, 'adx_min': 20, 'be_after_r': 0.5, 'trailing': False}"
0.0,momentum,141,75,66,43,30.5,0.664,-6.688,7.4582,-2.5775,0.3073,-0.2031,2.6,9.336219859055417,-3.2074,-3.4806,32.31,28.95,65,76,"{'strat': 'momentum', 'rsi_l': (30, 60), 'rsi_s': (45, 75), 'sl_m': 0.75, 'tp_m': 1.5, 'max_bars': 48, 'cooldown': 4, 'adx_min': 20, 'be_after_r': 0.5, 'trailing': True}","{'strat': 'momentum', 'rsi_l': (30, 60), 'rsi_s': (45, 75), 'sl_m': 0.75, 'tp_m': 1.5, 'max_bars': 48, 'cooldown': 4, 'adx_min': 20, 'be_after_r': 0.5, 'trailing': True}"
0.0,momentum,141,75,66,36,25.53,0.5789,-10.9195,10.4187,-3.6554,0.4169,-0.2469,3.5,9.336219859055417,-6.859,-4.0605,27.69,23.68,65,76,"{'strat': 'momentum', 'rsi_l': (30, 60), 'rsi_s': (45, 75), 'sl_m': 0.75, 'tp_m': 1.5, 'max_bars': 48, 'cooldown': 4, 'adx_min': 20, 'be_after_r': 1.0, 'trailing': False}","{'strat': 'momentum', 'rsi_l': (30, 60), 'rsi_s': (45, 75), 'sl_m': 0.75, 'tp_m': 1.5, 'max_bars': 48, 'cooldown': 4, 'adx_min': 20, 'be_after_r': 1.0, 'trailing': False}"
0.0,momentum,141,75,66,51,36.17,0.6515,-8.7384,8.4436,-2.8932,0.3203,-0.2786,3.2,9.336219859055417,-6.3318,-2.4067,33.85,38.16,65,76,"{'strat': 'momentum', 'rsi_l': (30, 60), 'rsi_s': (45, 75), 'sl_m': 0.75, 'tp_m': 1.5, 'max_bars': 48, 'cooldown': 4, 'adx_min': 20, 'be_after_r': 1.0, 'trailing': True}","{'strat': 'momentum', 'rsi_l': (30, 60), 'rsi_s': (45, 75), 'sl_m': 0.75, 'tp_m': 1.5, 'max_bars': 48, 'cooldown': 4, 'adx_min': 20, 'be_after_r': 1.0, 'trailing': True}"
0.0,momentum,138,73,65,45,32.61,0.7021,-8.2193,7.9826,-2.5231,0.4304,-0.2966,4.3,9.336219859055417,-6.9847,-1.2346,31.25,33.78,64,74,"{'strat': 'momentum', 'rsi_l': (30, 60), 'rsi_s': (45, 75), 'sl_m': 0.75, 'tp_m': 1.5, 'max_bars': 48, 'cooldown': 8, 'adx_min': 20, 'be_after_r': 0.0, 'trailing': False}","{'strat': 'momentum', 'rsi_l': (30, 60), 'rsi_s': (45, 75), 'sl_m': 0.75, 'tp_m': 1.5, 'max_bars': 48, 'cooldown': 8, 'adx_min': 20, 'be_after_r': 0.0, 'trailing': False}"
0.0,momentum,138,73,65,45,32.61,0.7021,-8.2193,7.9826,-2.5231,0.4304,-0.2966,4.3,9.336219859055417,-6.9847,-1.2346,31.25,33.78,64,74,"{'strat': 'momentum', 'rsi_l': (30, 60), 'rsi_s': (45, 75), 'sl_m': 0.75, 'tp_m': 1.5, 'max_bars': 48, 'cooldown': 8, 'adx_min': 20, 'be_after_r': 0.0, 'trailing': True}","{'strat': 'momentum', 'rsi_l': (30, 60), 'rsi_s': (45, 75), 'sl_m': 0.75, 'tp_m': 1.5, 'max_bars': 48, 'cooldown': 8, 'adx_min': 20, 'be_after_r': 0.0, 'trailing': True}"
0.0,momentum,138,73,65,30,21.74,0.6333,-7.3747,7.8352,-2.9162,0.4246,-0.1862,2.8,9.336219859055417,-3.5649,-3.8098,23.44,20.27,64,74,"{'strat': 'momentum', 'rsi_l': (30, 60), 'rsi_s': (45, 75), 'sl_m': 0.75, 'tp_m': 1.5, 'max_bars': 48, 'cooldown': 8, 'adx_min': 20, 'be_after_r': 0.5, 'trailing': False}","{'strat': 'momentum', 'rsi_l': (30, 60), 'rsi_s': (45, 75), 'sl_m': 0.75, 'tp_m': 1.5, 'max_bars': 48, 'cooldown': 8, 'adx_min': 20, 'be_after_r': 0.5, 'trailing': False}"
0.0,momentum,138,73,65,43,31.16,0.6877,-6.0003,6.8185,-2.3809,0.3073,-0.2023,2.6,9.336219859055417,-2.7605,-3.2398,32.81,29.73,64,74,"{'strat': 'momentum', 'rsi_l': (30, 60), 'rsi_s': (45, 75), 'sl_m': 0.75, 'tp_m': 1.5, 'max_bars': 48, 'cooldown': 8, 'adx_min': 20, 'be_after_r': 0.5, 'trailing': True}","{'strat': 'momentum', 'rsi_l': (30, 60), 'rsi_s': (45, 75), 'sl_m': 0.75, 'tp_m': 1.5, 'max_bars': 48, 'cooldown': 8, 'adx_min': 20, 'be_after_r': 0.5, 'trailing': True}"
0.0,momentum,138,73,65,35,25.36,0.5724,-10.8177,10.3251,-3.7623,0.4137,-0.2456,3.5,9.336219859055417,-6.4121,-4.4056,28.12,22.97,64,74,"{'strat': 'momentum', 'rsi_l': (30, 60), 'rsi_s': (45, 75), 'sl_m': 0.75, 'tp_m': 1.5, 'max_bars': 48, 'cooldown': 8, 'adx_min': 20, 'be_after_r': 1.0, 'trailing': False}","{'strat': 'momentum', 'rsi_l': (30, 60), 'rsi_s': (45, 75), 'sl_m': 0.75, 'tp_m': 1.5, 'max_bars': 48, 'cooldown': 8, 'adx_min': 20, 'be_after_r': 1.0, 'trailing': False}"
0.0,momentum,138,73,65,50,36.23,0.6467,-8.6366,8.348,-2.9694,0.3161,-0.2778,3.2,9.336219859055417,-5.8849,-2.7517,34.38,37.84,64,74,"{'strat': 'momentum', 'rsi_l': (30, 60), 'rsi_s': (45, 75), 'sl_m': 0.75, 'tp_m': 1.5, 'max_bars': 48, 'cooldown': 8, 'adx_min': 20, 'be_after_r': 1.0, 'trailing': True}","{'strat': 'momentum', 'rsi_l': (30, 60), 'rsi_s': (45, 75), 'sl_m': 0.75, 'tp_m': 1.5, 'max_bars': 48, 'cooldown': 8, 'adx_min': 20, 'be_after_r': 1.0, 'trailing': True}"
0.0,momentum,141,75,66,50,35.46,0.7496,-8.6122,8.8598,-2.0269,0.5156,-0.3779,6.1,9.336219859055417,-4.8375,-3.7747,35.38,35.53,65,76,"{'strat': 'momentum', 'rsi_l': (30, 60), 'rsi_s': (45, 75), 'sl_m': 1.0, 'tp_m': 2.0, 'max_bars': 24, 'cooldown': 4, 'adx_min': 20, 'be_after_r': 0.0, 'trailing': False}","{'strat': 'momentum', 'rsi_l': (30, 60), 'rsi_s': (45, 75), 'sl_m': 1.0, 'tp_m': 2.0, 'max_bars': 24, 'cooldown': 4, 'adx_min': 20, 'be_after_r': 0.0, 'trailing': False}"
0.0,momentum,141,75,66,50,35.46,0.7496,-8.6122,8.8598,-2.0269,0.5156,-0.3779,6.1,9.336219859055417,-4.8375,-3.7747,35.38,35.53,65,76,"{'strat': 'momentum', 'rsi_l': (30, 60), 'rsi_s': (45, 75), 'sl_m': 1.0, 'tp_m': 2.0, 'max_bars': 24, 'cooldown': 4, 'adx_min': 20, 'be_after_r': 0.0, 'trailing': True}","{'strat': 'momentum', 'rsi_l': (30, 60), 'rsi_s': (45, 75), 'sl_m': 1.0, 'tp_m': 2.0, 'max_bars': 24, 'cooldown': 4, 'adx_min': 20, 'be_after_r': 0.0, 'trailing': True}"
0.0,momentum,141,75,66,26,18.44,0.6667,-7.6487,9.0068,-2.3801,0.5885,-0.1996,3.6,9.336219859055417,-3.2911,-4.3576,18.46,18.42,65,76,"{'strat': 'momentum', 'rsi_l': (30, 60), 'rsi_s': (45, 75), 'sl_m': 1.0, 'tp_m': 2.0, 'max_bars': 24, 'cooldown': 4, 'adx_min': 20, 'be_after_r': 0.5, 'trailing': False}","{'strat': 'momentum', 'rsi_l': (30, 60), 'rsi_s': (45, 75), 'sl_m': 1.0, 'tp_m': 2.0, 'max_bars': 24, 'cooldown': 4, 'adx_min': 20, 'be_after_r': 0.5, 'trailing': False}"
0.0,momentum,141,75,66,45,31.91,0.7352,-5.7247,7.4756,-1.8324,0.3532,-0.2252,3.3,9.336219859055417,-2.567,-3.1577,33.85,30.26,65,76,"{'strat': 'momentum', 'rsi_l': (30, 60), 'rsi_s': (45, 75), 'sl_m': 1.0, 'tp_m': 2.0, 'max_bars': 24, 'cooldown': 4, 'adx_min': 20, 'be_after_r': 0.5, 'trailing': True}","{'strat': 'momentum', 'rsi_l': (30, 60), 'rsi_s': (45, 75), 'sl_m': 1.0, 'tp_m': 2.0, 'max_bars': 24, 'cooldown': 4, 'adx_min': 20, 'be_after_r': 0.5, 'trailing': True}"
0.0,momentum,141,75,66,33,23.4,0.6197,-11.2712,10.7724,-3.0263,0.5565,-0.2744,4.8,9.336219859055417,-6.4571,-4.8142,24.62,22.37,65,76,"{'strat': 'momentum', 'rsi_l': (30, 60), 'rsi_s': (45, 75), 'sl_m': 1.0, 'tp_m': 2.0, 'max_bars': 24, 'cooldown': 4, 'adx_min': 20, 'be_after_r': 1.0, 'trailing': False}","{'strat': 'momentum', 'rsi_l': (30, 60), 'rsi_s': (45, 75), 'sl_m': 1.0, 'tp_m': 2.0, 'max_bars': 24, 'cooldown': 4, 'adx_min': 20, 'be_after_r': 1.0, 'trailing': False}"
0.0,momentum,141,75,66,56,39.72,0.7032,-8.3882,9.285,-2.2808,0.3549,-0.3325,4.4,9.336219859055417,-6.3244,-2.0638,36.92,42.11,65,76,"{'strat': 'momentum', 'rsi_l': (30, 60), 'rsi_s': (45, 75), 'sl_m': 1.0, 'tp_m': 2.0, 'max_bars': 24, 'cooldown': 4, 'adx_min': 20, 'be_after_r': 1.0, 'trailing': True}","{'strat': 'momentum', 'rsi_l': (30, 60), 'rsi_s': (45, 75), 'sl_m': 1.0, 'tp_m': 2.0, 'max_bars': 24, 'cooldown': 4, 'adx_min': 20, 'be_after_r': 1.0, 'trailing': True}"
0.0,momentum,138,73,65,49,35.51,0.7617,-8.0025,8.3005,-1.9354,0.5221,-0.3774,6.0,9.336219859055417,-4.2603,-3.7422,35.94,35.14,64,74,"{'strat': 'momentum', 'rsi_l': (30, 60), 'rsi_s': (45, 75), 'sl_m': 1.0, 'tp_m': 2.0, 'max_bars': 24, 'cooldown': 8, 'adx_min': 20, 'be_after_r': 0.0, 'trailing': False}","{'strat': 'momentum', 'rsi_l': (30, 60), 'rsi_s': (45, 75), 'sl_m': 1.0, 'tp_m': 2.0, 'max_bars': 24, 'cooldown': 8, 'adx_min': 20, 'be_after_r': 0.0, 'trailing': False}"
0.0,momentum,138,73,65,49,35.51,0.7617,-8.0025,8.3005,-1.9354,0.5221,-0.3774,6.0,9.336219859055417,-4.2603,-3.7422,35.94,35.14,64,74,"{'strat': 'momentum', 'rsi_l': (30, 60), 'rsi_s': (45, 75), 'sl_m': 1.0, 'tp_m': 2.0, 'max_bars': 24, 'cooldown': 8, 'adx_min': 20, 'be_after_r': 0.0, 'trailing': True}","{'strat': 'momentum', 'rsi_l': (30, 60), 'rsi_s': (45, 75), 'sl_m': 1.0, 'tp_m': 2.0, 'max_bars': 24, 'cooldown': 8, 'adx_min': 20, 'be_after_r': 0.0, 'trailing': True}"
0.0,momentum,138,73,65,26,18.84,0.6927,-6.7878,8.4272,-2.1766,0.5885,-0.1972,3.6,9.336219859055417,-2.7139,-4.0739,18.75,18.92,64,74,"{'strat': 'momentum', 'rsi_l': (30, 60), 'rsi_s': (45, 75), 'sl_m': 1.0, 'tp_m': 2.0, 'max_bars': 24, 'cooldown': 8, 'adx_min': 20, 'be_after_r': 0.5, 'trailing': False}","{'strat': 'momentum', 'rsi_l': (30, 60), 'rsi_s': (45, 75), 'sl_m': 1.0, 'tp_m': 2.0, 'max_bars': 24, 'cooldown': 8, 'adx_min': 20, 'be_after_r': 0.5, 'trailing': False}"
0.0,momentum,138,73,65,45,32.61,0.7657,-4.8638,6.9385,-1.6061,0.3532,-0.2232,3.3,9.336219859055417,-1.9898,-2.874,34.38,31.08,64,74,"{'strat': 'momentum', 'rsi_l': (30, 60), 'rsi_s': (45, 75), 'sl_m': 1.0, 'tp_m': 2.0, 'max_bars': 24, 'cooldown': 8, 'adx_min': 20, 'be_after_r': 0.5, 'trailing': True}","{'strat': 'momentum', 'rsi_l': (30, 60), 'rsi_s': (45, 75), 'sl_m': 1.0, 'tp_m': 2.0, 'max_bars': 24, 'cooldown': 8, 'adx_min': 20, 'be_after_r': 0.5, 'trailing': True}"
0.0,momentum,138,73,65,33,23.91,0.6382,-10.4103,9.9992,-2.872,0.5565,-0.2741,4.7,9.336219859055417,-5.8799,-4.5304,25.0,22.97,64,74,"{'strat': 'momentum', 'rsi_l': (30, 60), 'rsi_s': (45, 75), 'sl_m': 1.0, 'tp_m': 2.0, 'max_bars': 24, 'cooldown': 8, 'adx_min': 20, 'be_after_r': 1.0, 'trailing': False}","{'strat': 'momentum', 'rsi_l': (30, 60), 'rsi_s': (45, 75), 'sl_m': 1.0, 'tp_m': 2.0, 'max_bars': 24, 'cooldown': 8, 'adx_min': 20, 'be_after_r': 1.0, 'trailing': False}"
0.0,momentum,138,73,65,55,39.86,0.7115,-7.9218,8.7583,-2.2221,0.3552,-0.3308,4.3,9.336219859055417,-5.7472,-2.1746,37.5,41.89,64,74,"{'strat': 'momentum', 'rsi_l': (30, 60), 'rsi_s': (45, 75), 'sl_m': 1.0, 'tp_m': 2.0, 'max_bars': 24, 'cooldown': 8, 'adx_min': 20, 'be_after_r': 1.0, 'trailing': True}","{'strat': 'momentum', 'rsi_l': (30, 60), 'rsi_s': (45, 75), 'sl_m': 1.0, 'tp_m': 2.0, 'max_bars': 24, 'cooldown': 8, 'adx_min': 20, 'be_after_r': 1.0, 'trailing': True}"
0.0,momentum,141,75,66,49,34.75,0.8044,-6.8306,7.2359,-1.5294,0.5733,-0.3796,6.6,9.336219859055417,-3.9809,-2.8497,35.38,34.21,65,76,"{'strat': 'momentum', 'rsi_l': (30, 60), 'rsi_s': (45, 75), 'sl_m': 1.0, 'tp_m': 2.0, 'max_bars': 48, 'cooldown': 4, 'adx_min': 20, 'be_after_r': 0.0, 'trailing': False}","{'strat': 'momentum', 'rsi_l': (30, 60), 'rsi_s': (45, 75), 'sl_m': 1.0, 'tp_m': 2.0, 'max_bars': 48, 'cooldown': 4, 'adx_min': 20, 'be_after_r': 0.0, 'trailing': False}"
0.0,momentum,141,75,66,49,34.75,0.8044,-6.8306,7.2359,-1.5294,0.5733,-0.3796,6.6,9.336219859055417,-3.9809,-2.8497,35.38,34.21,65,76,"{'strat': 'momentum', 'rsi_l': (30, 60), 'rsi_s': (45, 75), 'sl_m': 1.0, 'tp_m': 2.0, 'max_bars': 48, 'cooldown': 4, 'adx_min': 20, 'be_after_r': 0.0, 'trailing': True}","{'strat': 'momentum', 'rsi_l': (30, 60), 'rsi_s': (45, 75), 'sl_m': 1.0, 'tp_m': 2.0, 'max_bars': 48, 'cooldown': 4, 'adx_min': 20, 'be_after_r': 0.0, 'trailing': True}"
0.0,momentum,141,75,66,26,18.44,0.6667,-7.6487,9.0068,-2.3801,0.5885,-0.1996,3.6,9.336219859055417,-3.2911,-4.3576,18.46,18.42,65,76,"{'strat': 'momentum', 'rsi_l': (30, 60), 'rsi_s': (45, 75), 'sl_m': 1.0, 'tp_m': 2.0, 'max_bars': 48, 'cooldown': 4, 'adx_min': 20, 'be_after_r': 0.5, 'trailing': False}","{'strat': 'momentum', 'rsi_l': (30, 60), 'rsi_s': (45, 75), 'sl_m': 1.0, 'tp_m': 2.0, 'max_bars': 48, 'cooldown': 4, 'adx_min': 20, 'be_after_r': 0.5, 'trailing': False}"
0.0,momentum,141,75,66,45,31.91,0.7352,-5.7247,7.4756,-1.8324,0.3532,-0.2252,3.3,9.336219859055417,-2.567,-3.1577,33.85,30.26,65,76,"{'strat': 'momentum', 'rsi_l': (30, 60), 'rsi_s': (45, 75), 'sl_m': 1.0, 'tp_m': 2.0, 'max_bars': 48, 'cooldown': 4, 'adx_min': 20, 'be_after_r': 0.5, 'trailing': True}","{'strat': 'momentum', 'rsi_l': (30, 60), 'rsi_s': (45, 75), 'sl_m': 1.0, 'tp_m': 2.0, 'max_bars': 48, 'cooldown': 4, 'adx_min': 20, 'be_after_r': 0.5, 'trailing': True}"
0.0,momentum,141,75,66,33,23.4,0.6472,-10.4546,10.0449,-2.7483,0.5813,-0.2744,4.9,9.336219859055417,-5.6404,-4.8142,24.62,22.37,65,76,"{'strat': 'momentum', 'rsi_l': (30, 60), 'rsi_s': (45, 75), 'sl_m': 1.0, 'tp_m': 2.0, 'max_bars': 48, 'cooldown': 4, 'adx_min': 20, 'be_after_r': 1.0, 'trailing': False}","{'strat': 'momentum', 'rsi_l': (30, 60), 'rsi_s': (45, 75), 'sl_m': 1.0, 'tp_m': 2.0, 'max_bars': 48, 'cooldown': 4, 'adx_min': 20, 'be_after_r': 1.0, 'trailing': False}"
0.0,momentum,141,75,66,56,39.72,0.7009,-8.4534,9.344,-2.2997,0.3537,-0.3325,4.4,9.336219859055417,-6.3896,-2.0638,36.92,42.11,65,76,"{'strat': 'momentum', 'rsi_l': (30, 60), 'rsi_s': (45, 75), 'sl_m': 1.0, 'tp_m': 2.0, 'max_bars': 48, 'cooldown': 4, 'adx_min': 20, 'be_after_r': 1.0, 'trailing': True}","{'strat': 'momentum', 'rsi_l': (30, 60), 'rsi_s': (45, 75), 'sl_m': 1.0, 'tp_m': 2.0, 'max_bars': 48, 'cooldown': 4, 'adx_min': 20, 'be_after_r': 1.0, 'trailing': True}"
0.0,momentum,138,73,65,49,35.51,0.8343,-5.5791,6.4543,-1.2851,0.5733,-0.3783,6.5,9.336219859055417,-3.4037,-2.1754,35.94,35.14,64,74,"{'strat': 'momentum', 'rsi_l': (30, 60), 'rsi_s': (45, 75), 'sl_m': 1.0, 'tp_m': 2.0, 'max_bars': 48, 'cooldown': 8, 'adx_min': 20, 'be_after_r': 0.0, 'trailing': False}","{'strat': 'momentum', 'rsi_l': (30, 60), 'rsi_s': (45, 75), 'sl_m': 1.0, 'tp_m': 2.0, 'max_bars': 48, 'cooldown': 8, 'adx_min': 20, 'be_after_r': 0.0, 'trailing': False}"
0.0,momentum,138,73,65,49,35.51,0.8343,-5.5791,6.4543,-1.2851,0.5733,-0.3783,6.5,9.336219859055417,-3.4037,-2.1754,35.94,35.14,64,74,"{'strat': 'momentum', 'rsi_l': (30, 60), 'rsi_s': (45, 75), 'sl_m': 1.0, 'tp_m': 2.0, 'max_bars': 48, 'cooldown': 8, 'adx_min': 20, 'be_after_r': 0.0, 'trailing': True}","{'strat': 'momentum', 'rsi_l': (30, 60), 'rsi_s': (45, 75), 'sl_m': 1.0, 'tp_m': 2.0, 'max_bars': 48, 'cooldown': 8, 'adx_min': 20, 'be_after_r': 0.0, 'trailing': True}"
0.0,momentum,138,73,65,26,18.84,0.6927,-6.7878,8.4272,-2.1766,0.5885,-0.1972,3.6,9.336219859055417,-2.7139,-4.0739,18.75,18.92,64,74,"{'strat': 'momentum', 'rsi_l': (30, 60), 'rsi_s': (45, 75), 'sl_m': 1.0, 'tp_m': 2.0, 'max_bars': 48, 'cooldown': 8, 'adx_min': 20, 'be_after_r': 0.5, 'trailing': False}","{'strat': 'momentum', 'rsi_l': (30, 60), 'rsi_s': (45, 75), 'sl_m': 1.0, 'tp_m': 2.0, 'max_bars': 48, 'cooldown': 8, 'adx_min': 20, 'be_after_r': 0.5, 'trailing': False}"
0.0,momentum,138,73,65,45,32.61,0.7657,-4.8638,6.9385,-1.6061,0.3532,-0.2232,3.3,9.336219859055417,-1.9898,-2.874,34.38,31.08,64,74,"{'strat': 'momentum', 'rsi_l': (30, 60), 'rsi_s': (45, 75), 'sl_m': 1.0, 'tp_m': 2.0, 'max_bars': 48, 'cooldown': 8, 'adx_min': 20, 'be_after_r': 0.5, 'trailing': True}","{'strat': 'momentum', 'rsi_l': (30, 60), 'rsi_s': (45, 75), 'sl_m': 1.0, 'tp_m': 2.0, 'max_bars': 48, 'cooldown': 8, 'adx_min': 20, 'be_after_r': 0.5, 'trailing': True}"
0.0,momentum,138,73,65,33,23.91,0.6666,-9.5937,9.2654,-2.5911,0.5813,-0.2741,4.8,9.336219859055417,-5.0632,-4.5304,25.0,22.97,64,74,"{'strat': 'momentum', 'rsi_l': (30, 60), 'rsi_s': (45, 75), 'sl_m': 1.0, 'tp_m': 2.0, 'max_bars': 48, 'cooldown': 8, 'adx_min': 20, 'be_after_r': 1.0, 'trailing': False}","{'strat': 'momentum', 'rsi_l': (30, 60), 'rsi_s': (45, 75), 'sl_m': 1.0, 'tp_m': 2.0, 'max_bars': 48, 'cooldown': 8, 'adx_min': 20, 'be_after_r': 1.0, 'trailing': False}"
0.0,momentum,138,73,65,55,39.86,0.7091,-7.987,8.8177,-2.2416,0.354,-0.3308,4.3,9.336219859055417,-5.8124,-2.1746,37.5,41.89,64,74,"{'strat': 'momentum', 'rsi_l': (30, 60), 'rsi_s': (45, 75), 'sl_m': 1.0, 'tp_m': 2.0, 'max_bars': 48, 'cooldown': 8, 'adx_min': 20, 'be_after_r': 1.0, 'trailing': True}","{'strat': 'momentum', 'rsi_l': (30, 60), 'rsi_s': (45, 75), 'sl_m': 1.0, 'tp_m': 2.0, 'max_bars': 48, 'cooldown': 8, 'adx_min': 20, 'be_after_r': 1.0, 'trailing': True}"
0.0,momentum,141,75,66,46,32.62,0.8157,-6.5723,8.1804,-1.3936,0.6323,-0.3754,7.2,9.336219859055417,-1.6544,-4.9179,35.38,30.26,65,76,"{'strat': 'momentum', 'rsi_l': (30, 60), 'rsi_s': (45, 75), 'sl_m': 1.0, 'tp_m': 2.5, 'max_bars': 24, 'cooldown': 4, 'adx_min': 20, 'be_after_r': 0.0, 'trailing': False}","{'strat': 'momentum', 'rsi_l': (30, 60), 'rsi_s': (45, 75), 'sl_m': 1.0, 'tp_m': 2.5, 'max_bars': 24, 'cooldown': 4, 'adx_min': 20, 'be_after_r': 0.0, 'trailing': False}"
0.0,momentum,141,75,66,46,32.62,0.8157,-6.5723,8.1804,-1.3936,0.6323,-0.3754,7.2,9.336219859055417,-1.6544,-4.9179,35.38,30.26,65,76,"{'strat': 'momentum', 'rsi_l': (30, 60), 'rsi_s': (45, 75), 'sl_m': 1.0, 'tp_m': 2.5, 'max_bars': 24, 'cooldown': 4, 'adx_min': 20, 'be_after_r': 0.0, 'trailing': True}","{'strat': 'momentum', 'rsi_l': (30, 60), 'rsi_s': (45, 75), 'sl_m': 1.0, 'tp_m': 2.5, 'max_bars': 24, 'cooldown': 4, 'adx_min': 20, 'be_after_r': 0.0, 'trailing': True}"
0.0,momentum,141,75,66,21,14.89,0.6843,-7.3341,9.2984,-2.0958,0.7569,-0.1936,4.2,9.336219859055417,-1.2623,-6.0718,18.46,11.84,65,76,"{'strat': 'momentum', 'rsi_l': (30, 60), 'rsi_s': (45, 75), 'sl_m': 1.0, 'tp_m': 2.5, 'max_bars': 24, 'cooldown': 4, 'adx_min': 20, 'be_after_r': 0.5, 'trailing': False}","{'strat': 'momentum', 'rsi_l': (30, 60), 'rsi_s': (45, 75), 'sl_m': 1.0, 'tp_m': 2.5, 'max_bars': 24, 'cooldown': 4, 'adx_min': 20, 'be_after_r': 0.5, 'trailing': False}"
0.0,momentum,141,75,66,45,31.91,0.7481,-5.4444,7.8117,-1.6666,0.3594,-0.2252,3.5,9.336219859055417,-0.9014,-4.543,33.85,30.26,65,76,"{'strat': 'momentum', 'rsi_l': (30, 60), 'rsi_s': (45, 75), 'sl_m': 1.0, 'tp_m': 2.5, 'max_bars': 24, 'cooldown': 4, 'adx_min': 20, 'be_after_r': 0.5, 'trailing': True}","{'strat': 'momentum', 'rsi_l': (30, 60), 'rsi_s': (45, 75), 'sl_m': 1.0, 'tp_m': 2.5, 'max_bars': 24, 'cooldown': 4, 'adx_min': 20, 'be_after_r': 0.5, 'trailing': True}"
0.0,momentum,141,75,66,28,19.86,0.6608,-10.1469,10.495,-2.5024,0.7061,-0.2648,5.5,9.336219859055417,-4.0716,-6.0753,24.62,15.79,65,76,"{'strat': 'momentum', 'rsi_l': (30, 60), 'rsi_s': (45, 75), 'sl_m': 1.0, 'tp_m': 2.5, 'max_bars': 24, 'cooldown': 4, 'adx_min': 20, 'be_after_r': 1.0, 'trailing': False}","{'strat': 'momentum', 'rsi_l': (30, 60), 'rsi_s': (45, 75), 'sl_m': 1.0, 'tp_m': 2.5, 'max_bars': 24, 'cooldown': 4, 'adx_min': 20, 'be_after_r': 1.0, 'trailing': False}"
0.0,momentum,141,75,66,56,39.72,0.7278,-7.6935,8.8044,-1.9957,0.3673,-0.3325,4.6,9.336219859055417,-4.3966,-3.297,36.92,42.11,65,76,"{'strat': 'momentum', 'rsi_l': (30, 60), 'rsi_s': (45, 75), 'sl_m': 1.0, 'tp_m': 2.5, 'max_bars': 24, 'cooldown': 4, 'adx_min': 20, 'be_after_r': 1.0, 'trailing': True}","{'strat': 'momentum', 'rsi_l': (30, 60), 'rsi_s': (45, 75), 'sl_m': 1.0, 'tp_m': 2.5, 'max_bars': 24, 'cooldown': 4, 'adx_min': 20, 'be_after_r': 1.0, 'trailing': True}"
0.0,momentum,138,73,65,45,32.61,0.8289,-5.9626,8.1502,-1.298,0.642,-0.3748,7.1,9.336219859055417,-1.0772,-4.8855,35.94,29.73,64,74,"{'strat': 'momentum', 'rsi_l': (30, 60), 'rsi_s': (45, 75), 'sl_m': 1.0, 'tp_m': 2.5, 'max_bars': 24, 'cooldown': 8, 'adx_min': 20, 'be_after_r': 0.0, 'trailing': False}","{'strat': 'momentum', 'rsi_l': (30, 60), 'rsi_s': (45, 75), 'sl_m': 1.0, 'tp_m': 2.5, 'max_bars': 24, 'cooldown': 8, 'adx_min': 20, 'be_after_r': 0.0, 'trailing': False}"
0.0,momentum,138,73,65,45,32.61,0.8289,-5.9626,8.1502,-1.298,0.642,-0.3748,7.1,9.336219859055417,-1.0772,-4.8855,35.94,29.73,64,74,"{'strat': 'momentum', 'rsi_l': (30, 60), 'rsi_s': (45, 75), 'sl_m': 1.0, 'tp_m': 2.5, 'max_bars': 24, 'cooldown': 8, 'adx_min': 20, 'be_after_r': 0.0, 'trailing': True}","{'strat': 'momentum', 'rsi_l': (30, 60), 'rsi_s': (45, 75), 'sl_m': 1.0, 'tp_m': 2.5, 'max_bars': 24, 'cooldown': 8, 'adx_min': 20, 'be_after_r': 0.0, 'trailing': True}"
0.0,momentum,138,73,65,21,15.22,0.7106,-6.4732,8.7104,-1.9037,0.7569,-0.1912,4.2,9.336219859055417,-0.6851,-5.7881,18.75,12.16,64,74,"{'strat': 'momentum', 'rsi_l': (30, 60), 'rsi_s': (45, 75), 'sl_m': 1.0, 'tp_m': 2.5, 'max_bars': 24, 'cooldown': 8, 'adx_min': 20, 'be_after_r': 0.5, 'trailing': False}","{'strat': 'momentum', 'rsi_l': (30, 60), 'rsi_s': (45, 75), 'sl_m': 1.0, 'tp_m': 2.5, 'max_bars': 24, 'cooldown': 8, 'adx_min': 20, 'be_after_r': 0.5, 'trailing': False}"
0.0,momentum,138,73,65,45,32.61,0.7792,-4.5835,7.0128,-1.4463,0.3594,-0.2232,3.5,9.336219859055417,-0.3242,-4.2593,34.38,31.08,64,74,"{'strat': 'momentum', 'rsi_l': (30, 60), 'rsi_s': (45, 75), 'sl_m': 1.0, 'tp_m': 2.5, 'max_bars': 24, 'cooldown': 8, 'adx_min': 20, 'be_after_r': 0.5, 'trailing': True}","{'strat': 'momentum', 'rsi_l': (30, 60), 'rsi_s': (45, 75), 'sl_m': 1.0, 'tp_m': 2.5, 'max_bars': 24, 'cooldown': 8, 'adx_min': 20, 'be_after_r': 0.5, 'trailing': True}"
0.0,momentum,138,73,65,28,20.29,0.6804,-9.286,9.7193,-2.3514,0.7061,-0.2641,5.4,9.336219859055417,-3.4944,-5.7916,25.0,16.22,64,74,"{'strat': 'momentum', 'rsi_l': (30, 60), 'rsi_s': (45, 75), 'sl_m': 1.0, 'tp_m': 2.5, 'max_bars': 24, 'cooldown': 8, 'adx_min': 20, 'be_after_r': 1.0, 'trailing': False}","{'strat': 'momentum', 'rsi_l': (30, 60), 'rsi_s': (45, 75), 'sl_m': 1.0, 'tp_m': 2.5, 'max_bars': 24, 'cooldown': 8, 'adx_min': 20, 'be_after_r': 1.0, 'trailing': False}"
0.0,momentum,138,73,65,55,39.86,0.7368,-7.2271,8.3757,-1.9325,0.3678,-0.3308,4.5,9.336219859055417,-3.8194,-3.4078,37.5,41.89,64,74,"{'strat': 'momentum', 'rsi_l': (30, 60), 'rsi_s': (45, 75), 'sl_m': 1.0, 'tp_m': 2.5, 'max_bars': 24, 'cooldown': 8, 'adx_min': 20, 'be_after_r': 1.0, 'trailing': True}","{'strat': 'momentum', 'rsi_l': (30, 60), 'rsi_s': (45, 75), 'sl_m': 1.0, 'tp_m': 2.5, 'max_bars': 24, 'cooldown': 8, 'adx_min': 20, 'be_after_r': 1.0, 'trailing': True}"
0.0,momentum,141,75,66,45,31.91,0.8926,-3.8883,5.9997,-0.7757,0.7179,-0.377,7.9,9.336219859055417,-1.3396,-2.5487,35.38,28.95,65,76,"{'strat': 'momentum', 'rsi_l': (30, 60), 'rsi_s': (45, 75), 'sl_m': 1.0, 'tp_m': 2.5, 'max_bars': 48, 'cooldown': 4, 'adx_min': 20, 'be_after_r': 0.0, 'trailing': False}","{'strat': 'momentum', 'rsi_l': (30, 60), 'rsi_s': (45, 75), 'sl_m': 1.0, 'tp_m': 2.5, 'max_bars': 48, 'cooldown': 4, 'adx_min': 20, 'be_after_r': 0.0, 'trailing': False}"
0.0,momentum,141,75,66,45,31.91,0.8926,-3.8883,5.9997,-0.7757,0.7179,-0.377,7.9,9.336219859055417,-1.3396,-2.5487,35.38,28.95,65,76,"{'strat': 'momentum', 'rsi_l': (30, 60), 'rsi_s': (45, 75), 'sl_m': 1.0, 'tp_m': 2.5, 'max_bars': 48, 'cooldown': 4, 'adx_min': 20, 'be_after_r': 0.0, 'trailing': True}","{'strat': 'momentum', 'rsi_l': (30, 60), 'rsi_s': (45, 75), 'sl_m': 1.0, 'tp_m': 2.5, 'max_bars': 48, 'cooldown': 4, 'adx_min': 20, 'be_after_r': 0.0, 'trailing': True}"
0.0,momentum,141,75,66,21,14.89,0.6976,-7.0237,9.0191,-1.9783,0.7717,-0.1936,4.2,9.336219859055417,-1.2623,-5.7614,18.46,11.84,65,76,"{'strat': 'momentum', 'rsi_l': (30, 60), 'rsi_s': (45, 75), 'sl_m': 1.0, 'tp_m': 2.5, 'max_bars': 48, 'cooldown': 4, 'adx_min': 20, 'be_after_r': 0.5, 'trailing': False}","{'strat': 'momentum', 'rsi_l': (30, 60), 'rsi_s': (45, 75), 'sl_m': 1.0, 'tp_m': 2.5, 'max_bars': 48, 'cooldown': 4, 'adx_min': 20, 'be_after_r': 0.5, 'trailing': False}"
0.0,momentum,141,75,66,45,31.91,0.7481,-5.4444,7.8117,-1.6666,0.3594,-0.2252,3.5,9.336219859055417,-0.9014,-4.543,33.85,30.26,65,76,"{'strat': 'momentum', 'rsi_l': (30, 60), 'rsi_s': (45, 75), 'sl_m': 1.0, 'tp_m': 2.5, 'max_bars': 48, 'cooldown': 4, 'adx_min': 20, 'be_after_r': 0.5, 'trailing': True}","{'strat': 'momentum', 'rsi_l': (30, 60), 'rsi_s': (45, 75), 'sl_m': 1.0, 'tp_m': 2.5, 'max_bars': 48, 'cooldown': 4, 'adx_min': 20, 'be_after_r': 0.5, 'trailing': True}"
0.0,momentum,141,75,66,28,19.86,0.6735,-9.7678,10.1578,-2.3811,0.7196,-0.2648,5.7,9.336219859055417,-4.0029,-5.7649,24.62,15.79,65,76,"{'strat': 'momentum', 'rsi_l': (30, 60), 'rsi_s': (45, 75), 'sl_m': 1.0, 'tp_m': 2.5, 'max_bars': 48, 'cooldown': 4, 'adx_min': 20, 'be_after_r': 1.0, 'trailing': False}","{'strat': 'momentum', 'rsi_l': (30, 60), 'rsi_s': (45, 75), 'sl_m': 1.0, 'tp_m': 2.5, 'max_bars': 48, 'cooldown': 4, 'adx_min': 20, 'be_after_r': 1.0, 'trailing': False}"
0.0,momentum,141,75,66,56,39.72,0.7255,-7.7587,8.8637,-2.0136,0.3661,-0.3325,4.6,9.336219859055417,-4.4617,-3.297,36.92,42.11,65,76,"{'strat': 'momentum', 'rsi_l': (30, 60), 'rsi_s': (45, 75), 'sl_m': 1.0, 'tp_m': 2.5, 'max_bars': 48, 'cooldown': 4, 'adx_min': 20, 'be_after_r': 1.0, 'trailing': True}","{'strat': 'momentum', 'rsi_l': (30, 60), 'rsi_s': (45, 75), 'sl_m': 1.0, 'tp_m': 2.5, 'max_bars': 48, 'cooldown': 4, 'adx_min': 20, 'be_after_r': 1.0, 'trailing': True}"
0.0,momentum,138,73,65,45,32.61,0.9245,-2.6369,5.3625,-0.5407,0.7179,-0.3757,7.8,9.336219859055417,-0.7625,-1.8744,35.94,29.73,64,74,"{'strat': 'momentum', 'rsi_l': (30, 60), 'rsi_s': (45, 75), 'sl_m': 1.0, 'tp_m': 2.5, 'max_bars': 48, 'cooldown': 8, 'adx_min': 20, 'be_after_r': 0.0, 'trailing': False}","{'strat': 'momentum', 'rsi_l': (30, 60), 'rsi_s': (45, 75), 'sl_m': 1.0, 'tp_m': 2.5, 'max_bars': 48, 'cooldown': 8, 'adx_min': 20, 'be_after_r': 0.0, 'trailing': False}"
0.0,momentum,138,73,65,45,32.61,0.9245,-2.6369,5.3625,-0.5407,0.7179,-0.3757,7.8,9.336219859055417,-0.7625,-1.8744,35.94,29.73,64,74,"{'strat': 'momentum', 'rsi_l': (30, 60), 'rsi_s': (45, 75), 'sl_m': 1.0, 'tp_m': 2.5, 'max_bars': 48, 'cooldown': 8, 'adx_min': 20, 'be_after_r': 0.0, 'trailing': True}","{'strat': 'momentum', 'rsi_l': (30, 60), 'rsi_s': (45, 75), 'sl_m': 1.0, 'tp_m': 2.5, 'max_bars': 48, 'cooldown': 8, 'adx_min': 20, 'be_after_r': 0.0, 'trailing': True}"
0.0,momentum,138,73,65,21,15.22,0.7245,-6.1628,8.4293,-1.7862,0.7717,-0.1912,4.2,9.336219859055417,-0.6851,-5.4777,18.75,12.16,64,74,"{'strat': 'momentum', 'rsi_l': (30, 60), 'rsi_s': (45, 75), 'sl_m': 1.0, 'tp_m': 2.5, 'max_bars': 48, 'cooldown': 8, 'adx_min': 20, 'be_after_r': 0.5, 'trailing': False}","{'strat': 'momentum', 'rsi_l': (30, 60), 'rsi_s': (45, 75), 'sl_m': 1.0, 'tp_m': 2.5, 'max_bars': 48, 'cooldown': 8, 'adx_min': 20, 'be_after_r': 0.5, 'trailing': False}"
0.0,momentum,138,73,65,45,32.61,0.7792,-4.5835,7.0128,-1.4463,0.3594,-0.2232,3.5,9.336219859055417,-0.3242,-4.2593,34.38,31.08,64,74,"{'strat': 'momentum', 'rsi_l': (30, 60), 'rsi_s': (45, 75), 'sl_m': 1.0, 'tp_m': 2.5, 'max_bars': 48, 'cooldown': 8, 'adx_min': 20, 'be_after_r': 0.5, 'trailing': True}","{'strat': 'momentum', 'rsi_l': (30, 60), 'rsi_s': (45, 75), 'sl_m': 1.0, 'tp_m': 2.5, 'max_bars': 48, 'cooldown': 8, 'adx_min': 20, 'be_after_r': 0.5, 'trailing': True}"
0.0,momentum,138,73,65,28,20.29,0.6935,-8.9069,9.3793,-2.2292,0.7196,-0.2641,5.6,9.336219859055417,-3.4257,-5.4812,25.0,16.22,64,74,"{'strat': 'momentum', 'rsi_l': (30, 60), 'rsi_s': (45, 75), 'sl_m': 1.0, 'tp_m': 2.5, 'max_bars': 48, 'cooldown': 8, 'adx_min': 20, 'be_after_r': 1.0, 'trailing': False}","{'strat': 'momentum', 'rsi_l': (30, 60), 'rsi_s': (45, 75), 'sl_m': 1.0, 'tp_m': 2.5, 'max_bars': 48, 'cooldown': 8, 'adx_min': 20, 'be_after_r': 1.0, 'trailing': False}"
0.0,momentum,138,73,65,55,39.86,0.7344,-7.2923,8.4353,-1.9508,0.3666,-0.3308,4.5,9.336219859055417,-3.8845,-3.4078,37.5,41.89,64,74,"{'strat': 'momentum', 'rsi_l': (30, 60), 'rsi_s': (45, 75), 'sl_m': 1.0, 'tp_m': 2.5, 'max_bars': 48, 'cooldown': 8, 'adx_min': 20, 'be_after_r': 1.0, 'trailing': True}","{'strat': 'momentum', 'rsi_l': (30, 60), 'rsi_s': (45, 75), 'sl_m': 1.0, 'tp_m': 2.5, 'max_bars': 48, 'cooldown': 8, 'adx_min': 20, 'be_after_r': 1.0, 'trailing': True}"
0.0,momentum,141,75,66,60,42.55,0.857,-5.9679,7.0777,-1.0715,0.596,-0.5152,9.4,9.336219859055417,-3.3599,-2.608,43.08,42.11,65,76,"{'strat': 'momentum', 'rsi_l': (30, 60), 'rsi_s': (45, 75), 'sl_m': 1.5, 'tp_m': 2.5, 'max_bars': 24, 'cooldown': 4, 'adx_min': 20, 'be_after_r': 0.0, 'trailing': False}","{'strat': 'momentum', 'rsi_l': (30, 60), 'rsi_s': (45, 75), 'sl_m': 1.5, 'tp_m': 2.5, 'max_bars': 24, 'cooldown': 4, 'adx_min': 20, 'be_after_r': 0.0, 'trailing': False}"
0.0,momentum,141,75,66,60,42.55,0.857,-5.9679,7.0777,-1.0715,0.596,-0.5152,9.4,9.336219859055417,-3.3599,-2.608,43.08,42.11,65,76,"{'strat': 'momentum', 'rsi_l': (30, 60), 'rsi_s': (45, 75), 'sl_m': 1.5, 'tp_m': 2.5, 'max_bars': 24, 'cooldown': 4, 'adx_min': 20, 'be_after_r': 0.0, 'trailing': True}","{'strat': 'momentum', 'rsi_l': (30, 60), 'rsi_s': (45, 75), 'sl_m': 1.5, 'tp_m': 2.5, 'max_bars': 24, 'cooldown': 4, 'adx_min': 20, 'be_after_r': 0.0, 'trailing': True}"
0.0,momentum,141,75,66,24,17.02,0.7188,-7.0242,9.7871,-1.7907,0.748,-0.2135,5.3,9.336219859055417,-1.7006,-5.3236,20.0,14.47,65,76,"{'strat': 'momentum', 'rsi_l': (30, 60), 'rsi_s': (45, 75), 'sl_m': 1.5, 'tp_m': 2.5, 'max_bars': 24, 'cooldown': 4, 'adx_min': 20, 'be_after_r': 0.5, 'trailing': False}","{'strat': 'momentum', 'rsi_l': (30, 60), 'rsi_s': (45, 75), 'sl_m': 1.5, 'tp_m': 2.5, 'max_bars': 24, 'cooldown': 4, 'adx_min': 20, 'be_after_r': 0.5, 'trailing': False}"
0.0,momentum,141,75,66,49,34.75,0.7892,-4.9043,9.2219,-1.3192,0.3746,-0.2528,4.6,9.336219859055417,-1.1567,-3.7476,36.92,32.89,65,76,"{'strat': 'momentum', 'rsi_l': (30, 60), 'rsi_s': (45, 75), 'sl_m': 1.5, 'tp_m': 2.5, 'max_bars': 24, 'cooldown': 4, 'adx_min': 20, 'be_after_r': 0.5, 'trailing': True}","{'strat': 'momentum', 'rsi_l': (30, 60), 'rsi_s': (45, 75), 'sl_m': 1.5, 'tp_m': 2.5, 'max_bars': 24, 'cooldown': 4, 'adx_min': 20, 'be_after_r': 0.5, 'trailing': True}"
0.0,momentum,141,75,66,33,23.4,0.6542,-12.1397,12.1054,-2.5288,0.696,-0.3251,7.0,9.336219859055417,-6.5497,-5.5901,27.69,19.74,65,76,"{'strat': 'momentum', 'rsi_l': (30, 60), 'rsi_s': (45, 75), 'sl_m': 1.5, 'tp_m': 2.5, 'max_bars': 24, 'cooldown': 4, 'adx_min': 20, 'be_after_r': 1.0, 'trailing': False}","{'strat': 'momentum', 'rsi_l': (30, 60), 'rsi_s': (45, 75), 'sl_m': 1.5, 'tp_m': 2.5, 'max_bars': 24, 'cooldown': 4, 'adx_min': 20, 'be_after_r': 1.0, 'trailing': False}"
0.0,momentum,141,75,66,62,43.97,0.7174,-9.4355,11.0065,-2.033,0.3862,-0.4226,6.0,9.336219859055417,-6.638,-2.7975,41.54,46.05,65,76,"{'strat': 'momentum', 'rsi_l': (30, 60), 'rsi_s': (45, 75), 'sl_m': 1.5, 'tp_m': 2.5, 'max_bars': 24, 'cooldown': 4, 'adx_min': 20, 'be_after_r': 1.0, 'trailing': True}","{'strat': 'momentum', 'rsi_l': (30, 60), 'rsi_s': (45, 75), 'sl_m': 1.5, 'tp_m': 2.5, 'max_bars': 24, 'cooldown': 4, 'adx_min': 20, 'be_after_r': 1.0, 'trailing': True}"
0.0,momentum,138,73,65,59,42.75,0.8662,-5.4941,6.8526,-1.01,0.6028,-0.5197,9.2,9.336219859055417,-3.0044,-2.4897,43.75,41.89,64,74,"{'strat': 'momentum', 'rsi_l': (30, 60), 'rsi_s': (45, 75), 'sl_m': 1.5, 'tp_m': 2.5, 'max_bars': 24, 'cooldown': 8, 'adx_min': 20, 'be_after_r': 0.0, 'trailing': False}","{'strat': 'momentum', 'rsi_l': (30, 60), 'rsi_s': (45, 75), 'sl_m': 1.5, 'tp_m': 2.5, 'max_bars': 24, 'cooldown': 8, 'adx_min': 20, 'be_after_r': 0.0, 'trailing': False}"
0.0,momentum,138,73,65,59,42.75,0.8662,-5.4941,6.8526,-1.01,0.6028,-0.5197,9.2,9.336219859055417,-3.0044,-2.4897,43.75,41.89,64,74,"{'strat': 'momentum', 'rsi_l': (30, 60), 'rsi_s': (45, 75), 'sl_m': 1.5, 'tp_m': 2.5, 'max_bars': 24, 'cooldown': 8, 'adx_min': 20, 'be_after_r': 0.0, 'trailing': True}","{'strat': 'momentum', 'rsi_l': (30, 60), 'rsi_s': (45, 75), 'sl_m': 1.5, 'tp_m': 2.5, 'max_bars': 24, 'cooldown': 8, 'adx_min': 20, 'be_after_r': 0.0, 'trailing': True}"
0.0,momentum,138,73,65,24,17.39,0.7236,-6.8562,9.686,-1.7859,0.748,-0.2176,5.2,9.336219859055417,-1.6446,-5.2116,20.31,14.86,64,74,"{'strat': 'momentum', 'rsi_l': (30, 60), 'rsi_s': (45, 75), 'sl_m': 1.5, 'tp_m': 2.5, 'max_bars': 24, 'cooldown': 8, 'adx_min': 20, 'be_after_r': 0.5, 'trailing': False}","{'strat': 'momentum', 'rsi_l': (30, 60), 'rsi_s': (45, 75), 'sl_m': 1.5, 'tp_m': 2.5, 'max_bars': 24, 'cooldown': 8, 'adx_min': 20, 'be_after_r': 0.5, 'trailing': False}"
0.0,momentum,138,73,65,48,34.78,0.7864,-4.9523,9.3371,-1.3618,0.3798,-0.2576,4.4,9.336219859055417,-1.2837,-3.6685,35.94,33.78,64,74,"{'strat': 'momentum', 'rsi_l': (30, 60), 'rsi_s': (45, 75), 'sl_m': 1.5, 'tp_m': 2.5, 'max_bars': 24, 'cooldown': 8, 'adx_min': 20, 'be_after_r': 0.5, 'trailing': True}","{'strat': 'momentum', 'rsi_l': (30, 60), 'rsi_s': (45, 75), 'sl_m': 1.5, 'tp_m': 2.5, 'max_bars': 24, 'cooldown': 8, 'adx_min': 20, 'be_after_r': 0.5, 'trailing': True}"
0.0,momentum,138,73,65,33,23.91,0.6623,-11.7142,11.7301,-2.4948,0.696,-0.3303,6.7,9.336219859055417,-6.4937,-5.2205,28.12,20.27,64,74,"{'strat': 'momentum', 'rsi_l': (30, 60), 'rsi_s': (45, 75), 'sl_m': 1.5, 'tp_m': 2.5, 'max_bars': 24, 'cooldown': 8, 'adx_min': 20, 'be_after_r': 1.0, 'trailing': False}","{'strat': 'momentum', 'rsi_l': (30, 60), 'rsi_s': (45, 75), 'sl_m': 1.5, 'tp_m': 2.5, 'max_bars': 24, 'cooldown': 8, 'adx_min': 20, 'be_after_r': 1.0, 'trailing': False}"
0.0,momentum,138,73,65,60,43.48,0.7085,-9.641,11.167,-2.1306,0.3905,-0.424,5.8,9.336219859055417,-6.8186,-2.8224,40.62,45.95,64,74,"{'strat': 'momentum', 'rsi_l': (30, 60), 'rsi_s': (45, 75), 'sl_m': 1.5, 'tp_m': 2.5, 'max_bars': 24, 'cooldown': 8, 'adx_min': 20, 'be_after_r': 1.0, 'trailing': True}","{'strat': 'momentum', 'rsi_l': (30, 60), 'rsi_s': (45, 75), 'sl_m': 1.5, 'tp_m': 2.5, 'max_bars': 24, 'cooldown': 8, 'adx_min': 20, 'be_after_r': 1.0, 'trailing': True}"
0.0,momentum,141,75,66,25,17.73,0.8008,-4.8911,8.7402,-1.1896,0.7863,-0.2116,5.5,9.336219859055417,-1.7006,-3.1906,20.0,15.79,65,76,"{'strat': 'momentum', 'rsi_l': (30, 60), 'rsi_s': (45, 75), 'sl_m': 1.5, 'tp_m': 2.5, 'max_bars': 48, 'cooldown': 4, 'adx_min': 20, 'be_after_r': 0.5, 'trailing': False}","{'strat': 'momentum', 'rsi_l': (30, 60), 'rsi_s': (45, 75), 'sl_m': 1.5, 'tp_m': 2.5, 'max_bars': 48, 'cooldown': 4, 'adx_min': 20, 'be_after_r': 0.5, 'trailing': False}"
0.0,momentum,141,75,66,51,36.17,0.8124,-4.2729,9.3992,-1.1493,0.3628,-0.2531,4.8,9.336219859055417,-1.1567,-3.1162,36.92,35.53,65,76,"{'strat': 'momentum', 'rsi_l': (30, 60), 'rsi_s': (45, 75), 'sl_m': 1.5, 'tp_m': 2.5, 'max_bars': 48, 'cooldown': 4, 'adx_min': 20, 'be_after_r': 0.5, 'trailing': True}","{'strat': 'momentum', 'rsi_l': (30, 60), 'rsi_s': (45, 75), 'sl_m': 1.5, 'tp_m': 2.5, 'max_bars': 48, 'cooldown': 4, 'adx_min': 20, 'be_after_r': 0.5, 'trailing': True}"
0.0,momentum,141,75,66,34,24.11,0.7134,-9.938,10.2783,-2.0008,0.7277,-0.3241,7.4,9.336219859055417,-6.481,-3.4571,27.69,21.05,65,76,"{'strat': 'momentum', 'rsi_l': (30, 60), 'rsi_s': (45, 75), 'sl_m': 1.5, 'tp_m': 2.5, 'max_bars': 48, 'cooldown': 4, 'adx_min': 20, 'be_after_r': 1.0, 'trailing': False}","{'strat': 'momentum', 'rsi_l': (30, 60), 'rsi_s': (45, 75), 'sl_m': 1.5, 'tp_m': 2.5, 'max_bars': 48, 'cooldown': 4, 'adx_min': 20, 'be_after_r': 1.0, 'trailing': False}"
0.0,momentum,141,75,66,64,45.39,0.7703,-7.5571,11.2381,-1.585,0.3959,-0.4272,6.2,9.336219859055417,-6.7032,-0.854,41.54,48.68,65,76,"{'strat': 'momentum', 'rsi_l': (30, 60), 'rsi_s': (45, 75), 'sl_m': 1.5, 'tp_m': 2.5, 'max_bars': 48, 'cooldown': 4, 'adx_min': 20, 'be_after_r': 1.0, 'trailing': True}","{'strat': 'momentum', 'rsi_l': (30, 60), 'rsi_s': (45, 75), 'sl_m': 1.5, 'tp_m': 2.5, 'max_bars': 48, 'cooldown': 4, 'adx_min': 20, 'be_after_r': 1.0, 'trailing': True}"
0.0,momentum,138,73,65,25,18.12,0.8063,-4.7231,8.689,-1.1738,0.7863,-0.2158,5.4,9.336219859055417,-1.6446,-3.0786,20.31,16.22,64,74,"{'strat': 'momentum', 'rsi_l': (30, 60), 'rsi_s': (45, 75), 'sl_m': 1.5, 'tp_m': 2.5, 'max_bars': 48, 'cooldown': 8, 'adx_min': 20, 'be_after_r': 0.5, 'trailing': False}","{'strat': 'momentum', 'rsi_l': (30, 60), 'rsi_s': (45, 75), 'sl_m': 1.5, 'tp_m': 2.5, 'max_bars': 48, 'cooldown': 8, 'adx_min': 20, 'be_after_r': 0.5, 'trailing': False}"
0.0,momentum,138,73,65,50,36.23,0.8096,-4.3208,9.5141,-1.1881,0.3675,-0.2579,4.6,9.336219859055417,-1.2837,-3.0371,35.94,36.49,64,74,"{'strat': 'momentum', 'rsi_l': (30, 60), 'rsi_s': (45, 75), 'sl_m': 1.5, 'tp_m': 2.5, 'max_bars': 48, 'cooldown': 8, 'adx_min': 20, 'be_after_r': 0.5, 'trailing': True}","{'strat': 'momentum', 'rsi_l': (30, 60), 'rsi_s': (45, 75), 'sl_m': 1.5, 'tp_m': 2.5, 'max_bars': 48, 'cooldown': 8, 'adx_min': 20, 'be_after_r': 0.5, 'trailing': True}"
0.0,momentum,138,73,65,34,24.64,0.7223,-9.5125,10.1778,-1.9581,0.7277,-0.3294,7.1,9.336219859055417,-6.425,-3.0875,28.12,21.62,64,74,"{'strat': 'momentum', 'rsi_l': (30, 60), 'rsi_s': (45, 75), 'sl_m': 1.5, 'tp_m': 2.5, 'max_bars': 48, 'cooldown': 8, 'adx_min': 20, 'be_after_r': 1.0, 'trailing': False}","{'strat': 'momentum', 'rsi_l': (30, 60), 'rsi_s': (45, 75), 'sl_m': 1.5, 'tp_m': 2.5, 'max_bars': 48, 'cooldown': 8, 'adx_min': 20, 'be_after_r': 1.0, 'trailing': False}"
0.0,momentum,138,73,65,62,44.93,0.7618,-7.7627,11.3981,-1.6692,0.4003,-0.4287,6.0,9.336219859055417,-6.8838,-0.8789,40.62,48.65,64,74,"{'strat': 'momentum', 'rsi_l': (30, 60), 'rsi_s': (45, 75), 'sl_m': 1.5, 'tp_m': 2.5, 'max_bars': 48, 'cooldown': 8, 'adx_min': 20, 'be_after_r': 1.0, 'trailing': True}","{'strat': 'momentum', 'rsi_l': (30, 60), 'rsi_s': (45, 75), 'sl_m': 1.5, 'tp_m': 2.5, 'max_bars': 48, 'cooldown': 8, 'adx_min': 20, 'be_after_r': 1.0, 'trailing': True}"
0.0,momentum,240,29,211,81,33.75,0.7051,-13.864,13.0885,-1.9115,0.4092,-0.2957,3.6,9.336219859055417,-9.0615,-4.8025,31.93,35.54,119,121,"{'strat': 'momentum', 'rsi_l': (28, 55), 'rsi_s': (42, 72), 'sl_m': 0.75, 'tp_m': 1.5, 'max_bars': 24, 'cooldown': 4, 'adx_min': 0, 'be_after_r': 0.0, 'trailing': False}","{'strat': 'momentum', 'rsi_l': (28, 55), 'rsi_s': (42, 72), 'sl_m': 0.75, 'tp_m': 1.5, 'max_bars': 24, 'cooldown': 4, 'adx_min': 0, 'be_after_r': 0.0, 'trailing': False}"
0.0,momentum,240,29,211,81,33.75,0.7051,-13.864,13.0885,-1.9115,0.4092,-0.2957,3.6,9.336219859055417,-9.0615,-4.8025,31.93,35.54,119,121,"{'strat': 'momentum', 'rsi_l': (28, 55), 'rsi_s': (42, 72), 'sl_m': 0.75, 'tp_m': 1.5, 'max_bars': 24, 'cooldown': 4, 'adx_min': 15, 'be_after_r': 0.0, 'trailing': False}","{'strat': 'momentum', 'rsi_l': (28, 55), 'rsi_s': (42, 72), 'sl_m': 0.75, 'tp_m': 1.5, 'max_bars': 24, 'cooldown': 4, 'adx_min': 15, 'be_after_r': 0.0, 'trailing': False}"
0.0,momentum,240,29,211,60,25.0,0.7487,-8.4527,8.3826,-1.3942,0.4198,-0.1869,2.6,9.336219859055417,-4.494,-3.9587,22.69,27.27,119,121,"{'strat': 'momentum', 'rsi_l': (28, 55), 'rsi_s': (42, 72), 'sl_m': 0.75, 'tp_m': 1.5, 'max_bars': 24, 'cooldown': 4, 'adx_min': 0, 'be_after_r': 0.5, 'trailing': False}","{'strat': 'momentum', 'rsi_l': (28, 55), 'rsi_s': (42, 72), 'sl_m': 0.75, 'tp_m': 1.5, 'max_bars': 24, 'cooldown': 4, 'adx_min': 0, 'be_after_r': 0.5, 'trailing': False}"
0.0,momentum,240,29,211,60,25.0,0.7487,-8.4527,8.3826,-1.3942,0.4198,-0.1869,2.6,9.336219859055417,-4.494,-3.9587,22.69,27.27,119,121,"{'strat': 'momentum', 'rsi_l': (28, 55), 'rsi_s': (42, 72), 'sl_m': 0.75, 'tp_m': 1.5, 'max_bars': 24, 'cooldown': 4, 'adx_min': 15, 'be_after_r': 0.5, 'trailing': False}","{'strat': 'momentum', 'rsi_l': (28, 55), 'rsi_s': (42, 72), 'sl_m': 0.75, 'tp_m': 1.5, 'max_bars': 24, 'cooldown': 4, 'adx_min': 15, 'be_after_r': 0.5, 'trailing': False}"
0.0,momentum,223,27,196,73,32.74,0.6918,-13.6317,12.8784,-2.0839,0.4191,-0.2948,3.6,9.336219859055417,-10.1697,-3.462,30.17,35.51,116,107,"{'strat': 'momentum', 'rsi_l': (28, 55), 'rsi_s': (42, 72), 'sl_m': 0.75, 'tp_m': 1.5, 'max_bars': 24, 'cooldown': 8, 'adx_min': 0, 'be_after_r': 0.0, 'trailing': False}","{'strat': 'momentum', 'rsi_l': (28, 55), 'rsi_s': (42, 72), 'sl_m': 0.75, 'tp_m': 1.5, 'max_bars': 24, 'cooldown': 8, 'adx_min': 0, 'be_after_r': 0.0, 'trailing': False}"
0.0,momentum,223,27,196,73,32.74,0.6918,-13.6317,12.8784,-2.0839,0.4191,-0.2948,3.6,9.336219859055417,-10.1697,-3.462,30.17,35.51,116,107,"{'strat': 'momentum', 'rsi_l': (28, 55), 'rsi_s': (42, 72), 'sl_m': 0.75, 'tp_m': 1.5, 'max_bars': 24, 'cooldown': 8, 'adx_min': 15, 'be_after_r': 0.0, 'trailing': False}","{'strat': 'momentum', 'rsi_l': (28, 55), 'rsi_s': (42, 72), 'sl_m': 0.75, 'tp_m': 1.5, 'max_bars': 24, 'cooldown': 8, 'adx_min': 15, 'be_after_r': 0.0, 'trailing': False}"
0.0,momentum,223,27,196,55,24.66,0.7554,-7.7445,7.6052,-1.4006,0.4349,-0.1885,2.6,9.336219859055417,-5.3191,-2.4254,21.55,28.04,116,107,"{'strat': 'momentum', 'rsi_l': (28, 55), 'rsi_s': (42, 72), 'sl_m': 0.75, 'tp_m': 1.5, 'max_bars': 24, 'cooldown': 8, 'adx_min': 0, 'be_after_r': 0.5, 'trailing': False}","{'strat': 'momentum', 'rsi_l': (28, 55), 'rsi_s': (42, 72), 'sl_m': 0.75, 'tp_m': 1.5, 'max_bars': 24, 'cooldown': 8, 'adx_min': 0, 'be_after_r': 0.5, 'trailing': False}"
0.0,momentum,223,27,196,55,24.66,0.7554,-7.7445,7.6052,-1.4006,0.4349,-0.1885,2.6,9.336219859055417,-5.3191,-2.4254,21.55,28.04,116,107,"{'strat': 'momentum', 'rsi_l': (28, 55), 'rsi_s': (42, 72), 'sl_m': 0.75, 'tp_m': 1.5, 'max_bars': 24, 'cooldown': 8, 'adx_min': 15, 'be_after_r': 0.5, 'trailing': False}","{'strat': 'momentum', 'rsi_l': (28, 55), 'rsi_s': (42, 72), 'sl_m': 0.75, 'tp_m': 1.5, 'max_bars': 24, 'cooldown': 8, 'adx_min': 15, 'be_after_r': 0.5, 'trailing': False}"
0.0,momentum,240,29,211,82,34.17,0.7449,-11.9059,11.3757,-1.6036,0.4239,-0.2954,3.8,9.336219859055417,-9.0615,-2.8444,31.93,36.36,119,121,"{'strat': 'momentum', 'rsi_l': (28, 55), 'rsi_s': (42, 72), 'sl_m': 0.75, 'tp_m': 1.5, 'max_bars': 48, 'cooldown': 4, 'adx_min': 0, 'be_after_r': 0.0, 'trailing': False}","{'strat': 'momentum', 'rsi_l': (28, 55), 'rsi_s': (42, 72), 'sl_m': 0.75, 'tp_m': 1.5, 'max_bars': 48, 'cooldown': 4, 'adx_min': 0, 'be_after_r': 0.0, 'trailing': False}"
0.0,momentum,240,29,211,82,34.17,0.7449,-11.9059,11.3757,-1.6036,0.4239,-0.2954,3.8,9.336219859055417,-9.0615,-2.8444,31.93,36.36,119,121,"{'strat': 'momentum', 'rsi_l': (28, 55), 'rsi_s': (42, 72), 'sl_m': 0.75, 'tp_m': 1.5, 'max_bars': 48, 'cooldown': 4, 'adx_min': 15, 'be_after_r': 0.0, 'trailing': False}","{'strat': 'momentum', 'rsi_l': (28, 55), 'rsi_s': (42, 72), 'sl_m': 0.75, 'tp_m': 1.5, 'max_bars': 48, 'cooldown': 4, 'adx_min': 15, 'be_after_r': 0.0, 'trailing': False}"
0.0,momentum,240,29,211,60,25.0,0.7487,-8.4527,8.3826,-1.3942,0.4198,-0.1869,2.6,9.336219859055417,-4.494,-3.9587,22.69,27.27,119,121,"{'strat': 'momentum', 'rsi_l': (28, 55), 'rsi_s': (42, 72), 'sl_m': 0.75, 'tp_m': 1.5, 'max_bars': 48, 'cooldown': 4, 'adx_min': 0, 'be_after_r': 0.5, 'trailing': False}","{'strat': 'momentum', 'rsi_l': (28, 55), 'rsi_s': (42, 72), 'sl_m': 0.75, 'tp_m': 1.5, 'max_bars': 48, 'cooldown': 4, 'adx_min': 0, 'be_after_r': 0.5, 'trailing': False}"
0.0,momentum,240,29,211,60,25.0,0.7487,-8.4527,8.3826,-1.3942,0.4198,-0.1869,2.6,9.336219859055417,-4.494,-3.9587,22.69,27.27,119,121,"{'strat': 'momentum', 'rsi_l': (28, 55), 'rsi_s': (42, 72), 'sl_m': 0.75, 'tp_m': 1.5, 'max_bars': 48, 'cooldown': 4, 'adx_min': 15, 'be_after_r': 0.5, 'trailing': False}","{'strat': 'momentum', 'rsi_l': (28, 55), 'rsi_s': (42, 72), 'sl_m': 0.75, 'tp_m': 1.5, 'max_bars': 48, 'cooldown': 4, 'adx_min': 15, 'be_after_r': 0.5, 'trailing': False}"
0.0,momentum,223,27,196,74,33.18,0.734,-11.6736,11.1615,-1.7405,0.4353,-0.2945,3.7,9.336219859055417,-10.1697,-1.5039,30.17,36.45,116,107,"{'strat': 'momentum', 'rsi_l': (28, 55), 'rsi_s': (42, 72), 'sl_m': 0.75, 'tp_m': 1.5, 'max_bars': 48, 'cooldown': 8, 'adx_min': 0, 'be_after_r': 0.0, 'trailing': False}","{'strat': 'momentum', 'rsi_l': (28, 55), 'rsi_s': (42, 72), 'sl_m': 0.75, 'tp_m': 1.5, 'max_bars': 48, 'cooldown': 8, 'adx_min': 0, 'be_after_r': 0.0, 'trailing': False}"
0.0,momentum,223,27,196,74,33.18,0.734,-11.6736,11.1615,-1.7405,0.4353,-0.2945,3.7,9.336219859055417,-10.1697,-1.5039,30.17,36.45,116,107,"{'strat': 'momentum', 'rsi_l': (28, 55), 'rsi_s': (42, 72), 'sl_m': 0.75, 'tp_m': 1.5, 'max_bars': 48, 'cooldown': 8, 'adx_min': 15, 'be_after_r': 0.0, 'trailing': False}","{'strat': 'momentum', 'rsi_l': (28, 55), 'rsi_s': (42, 72), 'sl_m': 0.75, 'tp_m': 1.5, 'max_bars': 48, 'cooldown': 8, 'adx_min': 15, 'be_after_r': 0.0, 'trailing': False}"
0.0,momentum,223,27,196,55,24.66,0.7554,-7.7445,7.6052,-1.4006,0.4349,-0.1885,2.6,9.336219859055417,-5.3191,-2.4254,21.55,28.04,116,107,"{'strat': 'momentum', 'rsi_l': (28, 55), 'rsi_s': (42, 72), 'sl_m': 0.75, 'tp_m': 1.5, 'max_bars': 48, 'cooldown': 8, 'adx_min': 0, 'be_after_r': 0.5, 'trailing': False}","{'strat': 'momentum', 'rsi_l': (28, 55), 'rsi_s': (42, 72), 'sl_m': 0.75, 'tp_m': 1.5, 'max_bars': 48, 'cooldown': 8, 'adx_min': 0, 'be_after_r': 0.5, 'trailing': False}"
0.0,momentum,223,27,196,55,24.66,0.7554,-7.7445,7.6052,-1.4006,0.4349,-0.1885,2.6,9.336219859055417,-5.3191,-2.4254,21.55,28.04,116,107,"{'strat': 'momentum', 'rsi_l': (28, 55), 'rsi_s': (42, 72), 'sl_m': 0.75, 'tp_m': 1.5, 'max_bars': 48, 'cooldown': 8, 'adx_min': 15, 'be_after_r': 0.5, 'trailing': False}","{'strat': 'momentum', 'rsi_l': (28, 55), 'rsi_s': (42, 72), 'sl_m': 0.75, 'tp_m': 1.5, 'max_bars': 48, 'cooldown': 8, 'adx_min': 15, 'be_after_r': 0.5, 'trailing': False}"
0.0,momentum,240,29,211,77,32.08,0.7021,-17.8667,16.594,-1.8895,0.547,-0.368,5.8,9.336219859055417,-9.1719,-8.6948,31.09,33.06,119,121,"{'strat': 'momentum', 'rsi_l': (28, 55), 'rsi_s': (42, 72), 'sl_m': 1.0, 'tp_m': 2.0, 'max_bars': 24, 'cooldown': 4, 'adx_min': 0, 'be_after_r': 0.0, 'trailing': False}","{'strat': 'momentum', 'rsi_l': (28, 55), 'rsi_s': (42, 72), 'sl_m': 1.0, 'tp_m': 2.0, 'max_bars': 24, 'cooldown': 4, 'adx_min': 0, 'be_after_r': 0.0, 'trailing': False}"
0.0,momentum,240,29,211,77,32.08,0.7021,-17.8667,16.594,-1.8895,0.547,-0.368,5.8,9.336219859055417,-9.1719,-8.6948,31.09,33.06,119,121,"{'strat': 'momentum', 'rsi_l': (28, 55), 'rsi_s': (42, 72), 'sl_m': 1.0, 'tp_m': 2.0, 'max_bars': 24, 'cooldown': 4, 'adx_min': 15, 'be_after_r': 0.0, 'trailing': False}","{'strat': 'momentum', 'rsi_l': (28, 55), 'rsi_s': (42, 72), 'sl_m': 1.0, 'tp_m': 2.0, 'max_bars': 24, 'cooldown': 4, 'adx_min': 15, 'be_after_r': 0.0, 'trailing': False}"
0.0,momentum,240,29,211,45,18.75,0.7229,-10.0466,10.0021,-1.4204,0.5823,-0.1859,3.5,9.336219859055417,-4.9123,-5.1344,15.97,21.49,119,121,"{'strat': 'momentum', 'rsi_l': (28, 55), 'rsi_s': (42, 72), 'sl_m': 1.0, 'tp_m': 2.0, 'max_bars': 24, 'cooldown': 4, 'adx_min': 0, 'be_after_r': 0.5, 'trailing': False}","{'strat': 'momentum', 'rsi_l': (28, 55), 'rsi_s': (42, 72), 'sl_m': 1.0, 'tp_m': 2.0, 'max_bars': 24, 'cooldown': 4, 'adx_min': 0, 'be_after_r': 0.5, 'trailing': False}"
0.0,momentum,240,29,211,45,18.75,0.7229,-10.0466,10.0021,-1.4204,0.5823,-0.1859,3.5,9.336219859055417,-4.9123,-5.1344,15.97,21.49,119,121,"{'strat': 'momentum', 'rsi_l': (28, 55), 'rsi_s': (42, 72), 'sl_m': 1.0, 'tp_m': 2.0, 'max_bars': 24, 'cooldown': 4, 'adx_min': 15, 'be_after_r': 0.5, 'trailing': False}","{'strat': 'momentum', 'rsi_l': (28, 55), 'rsi_s': (42, 72), 'sl_m': 1.0, 'tp_m': 2.0, 'max_bars': 24, 'cooldown': 4, 'adx_min': 15, 'be_after_r': 0.5, 'trailing': False}"
0.0,momentum,223,27,196,70,31.39,0.7089,-16.444,15.3901,-1.9059,0.572,-0.3692,5.6,9.336219859055417,-10.7054,-5.7385,29.31,33.64,116,107,"{'strat': 'momentum', 'rsi_l': (28, 55), 'rsi_s': (42, 72), 'sl_m': 1.0, 'tp_m': 2.0, 'max_bars': 24, 'cooldown': 8, 'adx_min': 0, 'be_after_r': 0.0, 'trailing': False}","{'strat': 'momentum', 'rsi_l': (28, 55), 'rsi_s': (42, 72), 'sl_m': 1.0, 'tp_m': 2.0, 'max_bars': 24, 'cooldown': 8, 'adx_min': 0, 'be_after_r': 0.0, 'trailing': False}"
0.0,momentum,223,27,196,70,31.39,0.7089,-16.444,15.3901,-1.9059,0.572,-0.3692,5.6,9.336219859055417,-10.7054,-5.7385,29.31,33.64,116,107,"{'strat': 'momentum', 'rsi_l': (28, 55), 'rsi_s': (42, 72), 'sl_m': 1.0, 'tp_m': 2.0, 'max_bars': 24, 'cooldown': 8, 'adx_min': 15, 'be_after_r': 0.0, 'trailing': False}","{'strat': 'momentum', 'rsi_l': (28, 55), 'rsi_s': (42, 72), 'sl_m': 1.0, 'tp_m': 2.0, 'max_bars': 24, 'cooldown': 8, 'adx_min': 15, 'be_after_r': 0.0, 'trailing': False}"
0.0,momentum,223,27,196,41,18.39,0.7351,-8.9415,8.8077,-1.3903,0.6051,-0.1854,3.5,9.336219859055417,-6.0684,-2.8732,14.66,22.43,116,107,"{'strat': 'momentum', 'rsi_l': (28, 55), 'rsi_s': (42, 72), 'sl_m': 1.0, 'tp_m': 2.0, 'max_bars': 24, 'cooldown': 8, 'adx_min': 0, 'be_after_r': 0.5, 'trailing': False}","{'strat': 'momentum', 'rsi_l': (28, 55), 'rsi_s': (42, 72), 'sl_m': 1.0, 'tp_m': 2.0, 'max_bars': 24, 'cooldown': 8, 'adx_min': 0, 'be_after_r': 0.5, 'trailing': False}"
0.0,momentum,223,27,196,41,18.39,0.7351,-8.9415,8.8077,-1.3903,0.6051,-0.1854,3.5,9.336219859055417,-6.0684,-2.8732,14.66,22.43,116,107,"{'strat': 'momentum', 'rsi_l': (28, 55), 'rsi_s': (42, 72), 'sl_m': 1.0, 'tp_m': 2.0, 'max_bars': 24, 'cooldown': 8, 'adx_min': 15, 'be_after_r': 0.5, 'trailing': False}","{'strat': 'momentum', 'rsi_l': (28, 55), 'rsi_s': (42, 72), 'sl_m': 1.0, 'tp_m': 2.0, 'max_bars': 24, 'cooldown': 8, 'adx_min': 15, 'be_after_r': 0.5, 'trailing': False}"
0.0,momentum,240,29,211,76,31.67,0.7207,-17.1234,15.9845,-1.7603,0.5813,-0.3738,6.2,9.336219859055417,-9.4026,-7.7207,30.25,33.06,119,121,"{'strat': 'momentum', 'rsi_l': (28, 55), 'rsi_s': (42, 72), 'sl_m': 1.0, 'tp_m': 2.0, 'max_bars': 48, 'cooldown': 4, 'adx_min': 0, 'be_after_r': 0.0, 'trailing': False}","{'strat': 'momentum', 'rsi_l': (28, 55), 'rsi_s': (42, 72), 'sl_m': 1.0, 'tp_m': 2.0, 'max_bars': 48, 'cooldown': 4, 'adx_min': 0, 'be_after_r': 0.0, 'trailing': False}"
0.0,momentum,240,29,211,76,31.67,0.7207,-17.1234,15.9845,-1.7603,0.5813,-0.3738,6.2,9.336219859055417,-9.4026,-7.7207,30.25,33.06,119,121,"{'strat': 'momentum', 'rsi_l': (28, 55), 'rsi_s': (42, 72), 'sl_m': 1.0, 'tp_m': 2.0, 'max_bars': 48, 'cooldown': 4, 'adx_min': 15, 'be_after_r': 0.0, 'trailing': False}","{'strat': 'momentum', 'rsi_l': (28, 55), 'rsi_s': (42, 72), 'sl_m': 1.0, 'tp_m': 2.0, 'max_bars': 48, 'cooldown': 4, 'adx_min': 15, 'be_after_r': 0.0, 'trailing': False}"
0.0,momentum,240,29,211,45,18.75,0.7229,-10.0466,10.0021,-1.4204,0.5823,-0.1859,3.5,9.336219859055417,-4.9123,-5.1344,15.97,21.49,119,121,"{'strat': 'momentum', 'rsi_l': (28, 55), 'rsi_s': (42, 72), 'sl_m': 1.0, 'tp_m': 2.0, 'max_bars': 48, 'cooldown': 4, 'adx_min': 0, 'be_after_r': 0.5, 'trailing': False}","{'strat': 'momentum', 'rsi_l': (28, 55), 'rsi_s': (42, 72), 'sl_m': 1.0, 'tp_m': 2.0, 'max_bars': 48, 'cooldown': 4, 'adx_min': 0, 'be_after_r': 0.5, 'trailing': False}"
0.0,momentum,240,29,211,45,18.75,0.7229,-10.0466,10.0021,-1.4204,0.5823,-0.1859,3.5,9.336219859055417,-4.9123,-5.1344,15.97,21.49,119,121,"{'strat': 'momentum', 'rsi_l': (28, 55), 'rsi_s': (42, 72), 'sl_m': 1.0, 'tp_m': 2.0, 'max_bars': 48, 'cooldown': 4, 'adx_min': 15, 'be_after_r': 0.5, 'trailing': False}","{'strat': 'momentum', 'rsi_l': (28, 55), 'rsi_s': (42, 72), 'sl_m': 1.0, 'tp_m': 2.0, 'max_bars': 48, 'cooldown': 4, 'adx_min': 15, 'be_after_r': 0.5, 'trailing': False}"
0.0,momentum,223,27,196,70,31.39,0.7359,-15.0396,14.2039,-1.701,0.5987,-0.3722,5.9,9.336219859055417,-10.9362,-4.1035,28.45,34.58,116,107,"{'strat': 'momentum', 'rsi_l': (28, 55), 'rsi_s': (42, 72), 'sl_m': 1.0, 'tp_m': 2.0, 'max_bars': 48, 'cooldown': 8, 'adx_min': 0, 'be_after_r': 0.0, 'trailing': False}","{'strat': 'momentum', 'rsi_l': (28, 55), 'rsi_s': (42, 72), 'sl_m': 1.0, 'tp_m': 2.0, 'max_bars': 48, 'cooldown': 8, 'adx_min': 0, 'be_after_r': 0.0, 'trailing': False}"
0.0,momentum,223,27,196,70,31.39,0.7359,-15.0396,14.2039,-1.701,0.5987,-0.3722,5.9,9.336219859055417,-10.9362,-4.1035,28.45,34.58,116,107,"{'strat': 'momentum', 'rsi_l': (28, 55), 'rsi_s': (42, 72), 'sl_m': 1.0, 'tp_m': 2.0, 'max_bars': 48, 'cooldown': 8, 'adx_min': 15, 'be_after_r': 0.0, 'trailing': False}","{'strat': 'momentum', 'rsi_l': (28, 55), 'rsi_s': (42, 72), 'sl_m': 1.0, 'tp_m': 2.0, 'max_bars': 48, 'cooldown': 8, 'adx_min': 15, 'be_after_r': 0.0, 'trailing': False}"
0.0,momentum,223,27,196,41,18.39,0.7351,-8.9415,8.8077,-1.3903,0.6051,-0.1854,3.5,9.336219859055417,-6.0684,-2.8732,14.66,22.43,116,107,"{'strat': 'momentum', 'rsi_l': (28, 55), 'rsi_s': (42, 72), 'sl_m': 1.0, 'tp_m': 2.0, 'max_bars': 48, 'cooldown': 8, 'adx_min': 0, 'be_after_r': 0.5, 'trailing': False}","{'strat': 'momentum', 'rsi_l': (28, 55), 'rsi_s': (42, 72), 'sl_m': 1.0, 'tp_m': 2.0, 'max_bars': 48, 'cooldown': 8, 'adx_min': 0, 'be_after_r': 0.5, 'trailing': False}"
0.0,momentum,223,27,196,41,18.39,0.7351,-8.9415,8.8077,-1.3903,0.6051,-0.1854,3.5,9.336219859055417,-6.0684,-2.8732,14.66,22.43,116,107,"{'strat': 'momentum', 'rsi_l': (28, 55), 'rsi_s': (42, 72), 'sl_m': 1.0, 'tp_m': 2.0, 'max_bars': 48, 'cooldown': 8, 'adx_min': 15, 'be_after_r': 0.5, 'trailing': False}","{'strat': 'momentum', 'rsi_l': (28, 55), 'rsi_s': (42, 72), 'sl_m': 1.0, 'tp_m': 2.0, 'max_bars': 48, 'cooldown': 8, 'adx_min': 15, 'be_after_r': 0.5, 'trailing': False}"
0.0,momentum,240,29,211,67,27.92,0.6863,-19.9293,18.3612,-1.9501,0.6509,-0.3673,6.9,9.336219859055417,-6.244,-13.6852,29.41,26.45,119,121,"{'strat': 'momentum', 'rsi_l': (28, 55), 'rsi_s': (42, 72), 'sl_m': 1.0, 'tp_m': 2.5, 'max_bars': 24, 'cooldown': 4, 'adx_min': 0, 'be_after_r': 0.0, 'trailing': False}","{'strat': 'momentum', 'rsi_l': (28, 55), 'rsi_s': (42, 72), 'sl_m': 1.0, 'tp_m': 2.5, 'max_bars': 24, 'cooldown': 4, 'adx_min': 0, 'be_after_r': 0.0, 'trailing': False}"
0.0,momentum,240,29,211,67,27.92,0.6863,-19.9293,18.3612,-1.9501,0.6509,-0.3673,6.9,9.336219859055417,-6.244,-13.6852,29.41,26.45,119,121,"{'strat': 'momentum', 'rsi_l': (28, 55), 'rsi_s': (42, 72), 'sl_m': 1.0, 'tp_m': 2.5, 'max_bars': 24, 'cooldown': 4, 'adx_min': 15, 'be_after_r': 0.0, 'trailing': False}","{'strat': 'momentum', 'rsi_l': (28, 55), 'rsi_s': (42, 72), 'sl_m': 1.0, 'tp_m': 2.5, 'max_bars': 24, 'cooldown': 4, 'adx_min': 15, 'be_after_r': 0.0, 'trailing': False}"
0.0,momentum,240,29,211,33,13.75,0.6609,-12.5201,13.3757,-1.6936,0.7395,-0.1784,4.1,9.336219859055417,-3.0921,-9.4279,13.45,14.05,119,121,"{'strat': 'momentum', 'rsi_l': (28, 55), 'rsi_s': (42, 72), 'sl_m': 1.0, 'tp_m': 2.5, 'max_bars': 24, 'cooldown': 4, 'adx_min': 0, 'be_after_r': 0.5, 'trailing': False}","{'strat': 'momentum', 'rsi_l': (28, 55), 'rsi_s': (42, 72), 'sl_m': 1.0, 'tp_m': 2.5, 'max_bars': 24, 'cooldown': 4, 'adx_min': 0, 'be_after_r': 0.5, 'trailing': False}"
0.0,momentum,240,29,211,33,13.75,0.6609,-12.5201,13.3757,-1.6936,0.7395,-0.1784,4.1,9.336219859055417,-3.0921,-9.4279,13.45,14.05,119,121,"{'strat': 'momentum', 'rsi_l': (28, 55), 'rsi_s': (42, 72), 'sl_m': 1.0, 'tp_m': 2.5, 'max_bars': 24, 'cooldown': 4, 'adx_min': 15, 'be_after_r': 0.5, 'trailing': False}","{'strat': 'momentum', 'rsi_l': (28, 55), 'rsi_s': (42, 72), 'sl_m': 1.0, 'tp_m': 2.5, 'max_bars': 24, 'cooldown': 4, 'adx_min': 15, 'be_after_r': 0.5, 'trailing': False}"
0.0,momentum,223,27,196,61,27.35,0.6882,-18.6751,17.3209,-2.0034,0.6756,-0.3697,6.6,9.336219859055417,-8.2029,-10.4721,27.59,27.1,116,107,"{'strat': 'momentum', 'rsi_l': (28, 55), 'rsi_s': (42, 72), 'sl_m': 1.0, 'tp_m': 2.5, 'max_bars': 24, 'cooldown': 8, 'adx_min': 0, 'be_after_r': 0.0, 'trailing': False}","{'strat': 'momentum', 'rsi_l': (28, 55), 'rsi_s': (42, 72), 'sl_m': 1.0, 'tp_m': 2.5, 'max_bars': 24, 'cooldown': 8, 'adx_min': 0, 'be_after_r': 0.0, 'trailing': False}"
0.0,momentum,223,27,196,61,27.35,0.6882,-18.6751,17.3209,-2.0034,0.6756,-0.3697,6.6,9.336219859055417,-8.2029,-10.4721,27.59,27.1,116,107,"{'strat': 'momentum', 'rsi_l': (28, 55), 'rsi_s': (42, 72), 'sl_m': 1.0, 'tp_m': 2.5, 'max_bars': 24, 'cooldown': 8, 'adx_min': 15, 'be_after_r': 0.0, 'trailing': False}","{'strat': 'momentum', 'rsi_l': (28, 55), 'rsi_s': (42, 72), 'sl_m': 1.0, 'tp_m': 2.5, 'max_bars': 24, 'cooldown': 8, 'adx_min': 15, 'be_after_r': 0.0, 'trailing': False}"
0.0,momentum,223,27,196,30,13.45,0.6629,-11.5844,11.8667,-1.7274,0.7594,-0.1781,4.0,9.336219859055417,-4.5793,-7.0052,12.07,14.95,116,107,"{'strat': 'momentum', 'rsi_l': (28, 55), 'rsi_s': (42, 72), 'sl_m': 1.0, 'tp_m': 2.5, 'max_bars': 24, 'cooldown': 8, 'adx_min': 0, 'be_after_r': 0.5, 'trailing': False}","{'strat': 'momentum', 'rsi_l': (28, 55), 'rsi_s': (42, 72), 'sl_m': 1.0, 'tp_m': 2.5, 'max_bars': 24, 'cooldown': 8, 'adx_min': 0, 'be_after_r': 0.5, 'trailing': False}"
0.0,momentum,223,27,196,30,13.45,0.6629,-11.5844,11.8667,-1.7274,0.7594,-0.1781,4.0,9.336219859055417,-4.5793,-7.0052,12.07,14.95,116,107,"{'strat': 'momentum', 'rsi_l': (28, 55), 'rsi_s': (42, 72), 'sl_m': 1.0, 'tp_m': 2.5, 'max_bars': 24, 'cooldown': 8, 'adx_min': 15, 'be_after_r': 0.5, 'trailing': False}","{'strat': 'momentum', 'rsi_l': (28, 55), 'rsi_s': (42, 72), 'sl_m': 1.0, 'tp_m': 2.5, 'max_bars': 24, 'cooldown': 8, 'adx_min': 15, 'be_after_r': 0.5, 'trailing': False}"
0.0,momentum,240,29,211,65,27.08,0.7238,-18.0555,16.8421,-1.6845,0.728,-0.3736,7.4,9.336219859055417,-6.1988,-11.8568,27.73,26.45,119,121,"{'strat': 'momentum', 'rsi_l': (28, 55), 'rsi_s': (42, 72), 'sl_m': 1.0, 'tp_m': 2.5, 'max_bars': 48, 'cooldown': 4, 'adx_min': 0, 'be_after_r': 0.0, 'trailing': False}","{'strat': 'momentum', 'rsi_l': (28, 55), 'rsi_s': (42, 72), 'sl_m': 1.0, 'tp_m': 2.5, 'max_bars': 48, 'cooldown': 4, 'adx_min': 0, 'be_after_r': 0.0, 'trailing': False}"
0.0,momentum,240,29,211,65,27.08,0.7238,-18.0555,16.8421,-1.6845,0.728,-0.3736,7.4,9.336219859055417,-6.1988,-11.8568,27.73,26.45,119,121,"{'strat': 'momentum', 'rsi_l': (28, 55), 'rsi_s': (42, 72), 'sl_m': 1.0, 'tp_m': 2.5, 'max_bars': 48, 'cooldown': 4, 'adx_min': 15, 'be_after_r': 0.0, 'trailing': False}","{'strat': 'momentum', 'rsi_l': (28, 55), 'rsi_s': (42, 72), 'sl_m': 1.0, 'tp_m': 2.5, 'max_bars': 48, 'cooldown': 4, 'adx_min': 15, 'be_after_r': 0.0, 'trailing': False}"
0.0,momentum,240,29,211,33,13.75,0.6609,-12.5201,13.3757,-1.6936,0.7395,-0.1784,4.1,9.336219859055417,-3.0921,-9.4279,13.45,14.05,119,121,"{'strat': 'momentum', 'rsi_l': (28, 55), 'rsi_s': (42, 72), 'sl_m': 1.0, 'tp_m': 2.5, 'max_bars': 48, 'cooldown': 4, 'adx_min': 0, 'be_after_r': 0.5, 'trailing': False}","{'strat': 'momentum', 'rsi_l': (28, 55), 'rsi_s': (42, 72), 'sl_m': 1.0, 'tp_m': 2.5, 'max_bars': 48, 'cooldown': 4, 'adx_min': 0, 'be_after_r': 0.5, 'trailing': False}"
0.0,momentum,240,29,211,33,13.75,0.6609,-12.5201,13.3757,-1.6936,0.7395,-0.1784,4.1,9.336219859055417,-3.0921,-9.4279,13.45,14.05,119,121,"{'strat': 'momentum', 'rsi_l': (28, 55), 'rsi_s': (42, 72), 'sl_m': 1.0, 'tp_m': 2.5, 'max_bars': 48, 'cooldown': 4, 'adx_min': 15, 'be_after_r': 0.5, 'trailing': False}","{'strat': 'momentum', 'rsi_l': (28, 55), 'rsi_s': (42, 72), 'sl_m': 1.0, 'tp_m': 2.5, 'max_bars': 48, 'cooldown': 4, 'adx_min': 15, 'be_after_r': 0.5, 'trailing': False}"
0.0,momentum,223,27,196,60,26.91,0.7323,-16.2937,15.3504,-1.6729,0.743,-0.3734,7.2,9.336219859055417,-8.1577,-8.136,25.86,28.04,116,107,"{'strat': 'momentum', 'rsi_l': (28, 55), 'rsi_s': (42, 72), 'sl_m': 1.0, 'tp_m': 2.5, 'max_bars': 48, 'cooldown': 8, 'adx_min': 0, 'be_after_r': 0.0, 'trailing': False}","{'strat': 'momentum', 'rsi_l': (28, 55), 'rsi_s': (42, 72), 'sl_m': 1.0, 'tp_m': 2.5, 'max_bars': 48, 'cooldown': 8, 'adx_min': 0, 'be_after_r': 0.0, 'trailing': False}"
0.0,momentum,223,27,196,60,26.91,0.7323,-16.2937,15.3504,-1.6729,0.743,-0.3734,7.2,9.336219859055417,-8.1577,-8.136,25.86,28.04,116,107,"{'strat': 'momentum', 'rsi_l': (28, 55), 'rsi_s': (42, 72), 'sl_m': 1.0, 'tp_m': 2.5, 'max_bars': 48, 'cooldown': 8, 'adx_min': 15, 'be_after_r': 0.0, 'trailing': False}","{'strat': 'momentum', 'rsi_l': (28, 55), 'rsi_s': (42, 72), 'sl_m': 1.0, 'tp_m': 2.5, 'max_bars': 48, 'cooldown': 8, 'adx_min': 15, 'be_after_r': 0.0, 'trailing': False}"
0.0,momentum,223,27,196,30,13.45,0.6629,-11.5844,11.8667,-1.7274,0.7594,-0.1781,4.0,9.336219859055417,-4.5793,-7.0052,12.07,14.95,116,107,"{'strat': 'momentum', 'rsi_l': (28, 55), 'rsi_s': (42, 72), 'sl_m': 1.0, 'tp_m': 2.5, 'max_bars': 48, 'cooldown': 8, 'adx_min': 0, 'be_after_r': 0.5, 'trailing': False}","{'strat': 'momentum', 'rsi_l': (28, 55), 'rsi_s': (42, 72), 'sl_m': 1.0, 'tp_m': 2.5, 'max_bars': 48, 'cooldown': 8, 'adx_min': 0, 'be_after_r': 0.5, 'trailing': False}"
0.0,momentum,223,27,196,30,13.45,0.6629,-11.5844,11.8667,-1.7274,0.7594,-0.1781,4.0,9.336219859055417,-4.5793,-7.0052,12.07,14.95,116,107,"{'strat': 'momentum', 'rsi_l': (28, 55), 'rsi_s': (42, 72), 'sl_m': 1.0, 'tp_m': 2.5, 'max_bars': 48, 'cooldown': 8, 'adx_min': 15, 'be_after_r': 0.5, 'trailing': False}","{'strat': 'momentum', 'rsi_l': (28, 55), 'rsi_s': (42, 72), 'sl_m': 1.0, 'tp_m': 2.5, 'max_bars': 48, 'cooldown': 8, 'adx_min': 15, 'be_after_r': 0.5, 'trailing': False}"
0.0,momentum,284,73,211,93,32.75,0.6729,-18.3271,16.903,-1.9952,0.4054,-0.2934,3.7,9.336219859055417,-10.5341,-7.7931,32.35,33.11,136,148,"{'strat': 'momentum', 'rsi_l': (30, 60), 'rsi_s': (42, 72), 'sl_m': 0.75, 'tp_m': 1.5, 'max_bars': 24, 'cooldown': 4, 'adx_min': 0, 'be_after_r': 0.0, 'trailing': False}","{'strat': 'momentum', 'rsi_l': (30, 60), 'rsi_s': (42, 72), 'sl_m': 0.75, 'tp_m': 1.5, 'max_bars': 24, 'cooldown': 4, 'adx_min': 0, 'be_after_r': 0.0, 'trailing': False}"
0.0,momentum,284,73,211,93,32.75,0.6729,-18.3271,16.903,-1.9952,0.4054,-0.2934,3.7,9.336219859055417,-10.5341,-7.7931,32.35,33.11,136,148,"{'strat': 'momentum', 'rsi_l': (30, 60), 'rsi_s': (42, 72), 'sl_m': 0.75, 'tp_m': 1.5, 'max_bars': 24, 'cooldown': 4, 'adx_min': 15, 'be_after_r': 0.0, 'trailing': False}","{'strat': 'momentum', 'rsi_l': (30, 60), 'rsi_s': (42, 72), 'sl_m': 0.75, 'tp_m': 1.5, 'max_bars': 24, 'cooldown': 4, 'adx_min': 15, 'be_after_r': 0.0, 'trailing': False}"
0.0,momentum,284,73,211,70,24.65,0.7019,-12.2447,12.2222,-1.582,0.4119,-0.1919,2.7,9.336219859055417,-5.3274,-6.9173,24.26,25.0,136,148,"{'strat': 'momentum', 'rsi_l': (30, 60), 'rsi_s': (42, 72), 'sl_m': 0.75, 'tp_m': 1.5, 'max_bars': 24, 'cooldown': 4, 'adx_min': 0, 'be_after_r': 0.5, 'trailing': False}","{'strat': 'momentum', 'rsi_l': (30, 60), 'rsi_s': (42, 72), 'sl_m': 0.75, 'tp_m': 1.5, 'max_bars': 24, 'cooldown': 4, 'adx_min': 0, 'be_after_r': 0.5, 'trailing': False}"
0.0,momentum,284,73,211,70,24.65,0.7019,-12.2447,12.2222,-1.582,0.4119,-0.1919,2.7,9.336219859055417,-5.3274,-6.9173,24.26,25.0,136,148,"{'strat': 'momentum', 'rsi_l': (30, 60), 'rsi_s': (42, 72), 'sl_m': 0.75, 'tp_m': 1.5, 'max_bars': 24, 'cooldown': 4, 'adx_min': 15, 'be_after_r': 0.5, 'trailing': False}","{'strat': 'momentum', 'rsi_l': (30, 60), 'rsi_s': (42, 72), 'sl_m': 0.75, 'tp_m': 1.5, 'max_bars': 24, 'cooldown': 4, 'adx_min': 15, 'be_after_r': 0.5, 'trailing': False}"
0.0,momentum,261,65,196,84,32.18,0.674,-16.9105,15.7079,-2.0663,0.4162,-0.2931,3.7,9.336219859055417,-11.1545,-5.756,30.77,33.59,130,131,"{'strat': 'momentum', 'rsi_l': (30, 60), 'rsi_s': (42, 72), 'sl_m': 0.75, 'tp_m': 1.5, 'max_bars': 24, 'cooldown': 8, 'adx_min': 0, 'be_after_r': 0.0, 'trailing': False}","{'strat': 'momentum', 'rsi_l': (30, 60), 'rsi_s': (42, 72), 'sl_m': 0.75, 'tp_m': 1.5, 'max_bars': 24, 'cooldown': 8, 'adx_min': 0, 'be_after_r': 0.0, 'trailing': False}"
0.0,momentum,261,65,196,84,32.18,0.674,-16.9105,15.7079,-2.0663,0.4162,-0.2931,3.7,9.336219859055417,-11.1545,-5.756,30.77,33.59,130,131,"{'strat': 'momentum', 'rsi_l': (30, 60), 'rsi_s': (42, 72), 'sl_m': 0.75, 'tp_m': 1.5, 'max_bars': 24, 'cooldown': 8, 'adx_min': 15, 'be_after_r': 0.0, 'trailing': False}","{'strat': 'momentum', 'rsi_l': (30, 60), 'rsi_s': (42, 72), 'sl_m': 0.75, 'tp_m': 1.5, 'max_bars': 24, 'cooldown': 8, 'adx_min': 15, 'be_after_r': 0.0, 'trailing': False}"
0.0,momentum,261,65,196,64,24.52,0.7222,-10.5288,10.6974,-1.5145,0.4276,-0.1924,2.6,9.336219859055417,-5.8413,-4.6874,23.08,25.95,130,131,"{'strat': 'momentum', 'rsi_l': (30, 60), 'rsi_s': (42, 72), 'sl_m': 0.75, 'tp_m': 1.5, 'max_bars': 24, 'cooldown': 8, 'adx_min': 0, 'be_after_r': 0.5, 'trailing': False}","{'strat': 'momentum', 'rsi_l': (30, 60), 'rsi_s': (42, 72), 'sl_m': 0.75, 'tp_m': 1.5, 'max_bars': 24, 'cooldown': 8, 'adx_min': 0, 'be_after_r': 0.5, 'trailing': False}"
0.0,momentum,261,65,196,64,24.52,0.7222,-10.5288,10.6974,-1.5145,0.4276,-0.1924,2.6,9.336219859055417,-5.8413,-4.6874,23.08,25.95,130,131,"{'strat': 'momentum', 'rsi_l': (30, 60), 'rsi_s': (42, 72), 'sl_m': 0.75, 'tp_m': 1.5, 'max_bars': 24, 'cooldown': 8, 'adx_min': 15, 'be_after_r': 0.5, 'trailing': False}","{'strat': 'momentum', 'rsi_l': (30, 60), 'rsi_s': (42, 72), 'sl_m': 0.75, 'tp_m': 1.5, 'max_bars': 24, 'cooldown': 8, 'adx_min': 15, 'be_after_r': 0.5, 'trailing': False}"
0.0,momentum,284,73,211,94,33.1,0.7061,-16.369,15.2654,-1.7453,0.4183,-0.2931,3.8,9.336219859055417,-10.5341,-5.8349,32.35,33.78,136,148,"{'strat': 'momentum', 'rsi_l': (30, 60), 'rsi_s': (42, 72), 'sl_m': 0.75, 'tp_m': 1.5, 'max_bars': 48, 'cooldown': 4, 'adx_min': 0, 'be_after_r': 0.0, 'trailing': False}","{'strat': 'momentum', 'rsi_l': (30, 60), 'rsi_s': (42, 72), 'sl_m': 0.75, 'tp_m': 1.5, 'max_bars': 48, 'cooldown': 4, 'adx_min': 0, 'be_after_r': 0.0, 'trailing': False}"
0.0,momentum,284,73,211,94,33.1,0.7061,-16.369,15.2654,-1.7453,0.4183,-0.2931,3.8,9.336219859055417,-10.5341,-5.8349,32.35,33.78,136,148,"{'strat': 'momentum', 'rsi_l': (30, 60), 'rsi_s': (42, 72), 'sl_m': 0.75, 'tp_m': 1.5, 'max_bars': 48, 'cooldown': 4, 'adx_min': 15, 'be_after_r': 0.0, 'trailing': False}","{'strat': 'momentum', 'rsi_l': (30, 60), 'rsi_s': (42, 72), 'sl_m': 0.75, 'tp_m': 1.5, 'max_bars': 48, 'cooldown': 4, 'adx_min': 15, 'be_after_r': 0.0, 'trailing': False}"
0.0,momentum,284,73,211,70,24.65,0.7019,-12.2447,12.2222,-1.582,0.4119,-0.1919,2.7,9.336219859055417,-5.3274,-6.9173,24.26,25.0,136,148,"{'strat': 'momentum', 'rsi_l': (30, 60), 'rsi_s': (42, 72), 'sl_m': 0.75, 'tp_m': 1.5, 'max_bars': 48, 'cooldown': 4, 'adx_min': 0, 'be_after_r': 0.5, 'trailing': False}","{'strat': 'momentum', 'rsi_l': (30, 60), 'rsi_s': (42, 72), 'sl_m': 0.75, 'tp_m': 1.5, 'max_bars': 48, 'cooldown': 4, 'adx_min': 0, 'be_after_r': 0.5, 'trailing': False}"
0.0,momentum,284,73,211,70,24.65,0.7019,-12.2447,12.2222,-1.582,0.4119,-0.1919,2.7,9.336219859055417,-5.3274,-6.9173,24.26,25.0,136,148,"{'strat': 'momentum', 'rsi_l': (30, 60), 'rsi_s': (42, 72), 'sl_m': 0.75, 'tp_m': 1.5, 'max_bars': 48, 'cooldown': 4, 'adx_min': 15, 'be_after_r': 0.5, 'trailing': False}","{'strat': 'momentum', 'rsi_l': (30, 60), 'rsi_s': (42, 72), 'sl_m': 0.75, 'tp_m': 1.5, 'max_bars': 48, 'cooldown': 4, 'adx_min': 15, 'be_after_r': 0.5, 'trailing': False}"
0.0,momentum,261,65,196,85,32.57,0.7098,-14.9524,14.0467,-1.787,0.4303,-0.2928,3.8,9.336219859055417,-11.1545,-3.7979,30.77,34.35,130,131,"{'strat': 'momentum', 'rsi_l': (30, 60), 'rsi_s': (42, 72), 'sl_m': 0.75, 'tp_m': 1.5, 'max_bars': 48, 'cooldown': 8, 'adx_min': 0, 'be_after_r': 0.0, 'trailing': False}","{'strat': 'momentum', 'rsi_l': (30, 60), 'rsi_s': (42, 72), 'sl_m': 0.75, 'tp_m': 1.5, 'max_bars': 48, 'cooldown': 8, 'adx_min': 0, 'be_after_r': 0.0, 'trailing': False}"
0.0,momentum,261,65,196,85,32.57,0.7098,-14.9524,14.0467,-1.787,0.4303,-0.2928,3.8,9.336219859055417,-11.1545,-3.7979,30.77,34.35,130,131,"{'strat': 'momentum', 'rsi_l': (30, 60), 'rsi_s': (42, 72), 'sl_m': 0.75, 'tp_m': 1.5, 'max_bars': 48, 'cooldown': 8, 'adx_min': 15, 'be_after_r': 0.0, 'trailing': False}","{'strat': 'momentum', 'rsi_l': (30, 60), 'rsi_s': (42, 72), 'sl_m': 0.75, 'tp_m': 1.5, 'max_bars': 48, 'cooldown': 8, 'adx_min': 15, 'be_after_r': 0.0, 'trailing': False}"
0.0,momentum,261,65,196,64,24.52,0.7222,-10.5288,10.6974,-1.5145,0.4276,-0.1924,2.6,9.336219859055417,-5.8413,-4.6874,23.08,25.95,130,131,"{'strat': 'momentum', 'rsi_l': (30, 60), 'rsi_s': (42, 72), 'sl_m': 0.75, 'tp_m': 1.5, 'max_bars': 48, 'cooldown': 8, 'adx_min': 0, 'be_after_r': 0.5, 'trailing': False}","{'strat': 'momentum', 'rsi_l': (30, 60), 'rsi_s': (42, 72), 'sl_m': 0.75, 'tp_m': 1.5, 'max_bars': 48, 'cooldown': 8, 'adx_min': 0, 'be_after_r': 0.5, 'trailing': False}"
0.0,momentum,261,65,196,64,24.52,0.7222,-10.5288,10.6974,-1.5145,0.4276,-0.1924,2.6,9.336219859055417,-5.8413,-4.6874,23.08,25.95,130,131,"{'strat': 'momentum', 'rsi_l': (30, 60), 'rsi_s': (42, 72), 'sl_m': 0.75, 'tp_m': 1.5, 'max_bars': 48, 'cooldown': 8, 'adx_min': 15, 'be_after_r': 0.5, 'trailing': False}","{'strat': 'momentum', 'rsi_l': (30, 60), 'rsi_s': (42, 72), 'sl_m': 0.75, 'tp_m': 1.5, 'max_bars': 48, 'cooldown': 8, 'adx_min': 15, 'be_after_r': 0.5, 'trailing': False}"
0.0,momentum,284,73,211,94,33.1,0.7296,-18.7728,17.3843,-1.5504,0.5389,-0.3654,5.8,9.336219859055417,-8.206,-10.5668,33.82,32.43,136,148,"{'strat': 'momentum', 'rsi_l': (30, 60), 'rsi_s': (42, 72), 'sl_m': 1.0, 'tp_m': 2.0, 'max_bars': 24, 'cooldown': 4, 'adx_min': 0, 'be_after_r': 0.0, 'trailing': False}","{'strat': 'momentum', 'rsi_l': (30, 60), 'rsi_s': (42, 72), 'sl_m': 1.0, 'tp_m': 2.0, 'max_bars': 24, 'cooldown': 4, 'adx_min': 0, 'be_after_r': 0.0, 'trailing': False}"
0.0,momentum,284,73,211,94,33.1,0.7296,-18.7728,17.3843,-1.5504,0.5389,-0.3654,5.8,9.336219859055417,-8.206,-10.5668,33.82,32.43,136,148,"{'strat': 'momentum', 'rsi_l': (30, 60), 'rsi_s': (42, 72), 'sl_m': 1.0, 'tp_m': 2.0, 'max_bars': 24, 'cooldown': 4, 'adx_min': 15, 'be_after_r': 0.0, 'trailing': False}","{'strat': 'momentum', 'rsi_l': (30, 60), 'rsi_s': (42, 72), 'sl_m': 1.0, 'tp_m': 2.0, 'max_bars': 24, 'cooldown': 4, 'adx_min': 15, 'be_after_r': 0.0, 'trailing': False}"
0.0,momentum,284,73,211,56,19.72,0.7289,-11.9982,12.3293,-1.292,0.5761,-0.1941,3.5,9.336219859055417,-4.5878,-7.4104,18.38,20.95,136,148,"{'strat': 'momentum', 'rsi_l': (30, 60), 'rsi_s': (42, 72), 'sl_m': 1.0, 'tp_m': 2.0, 'max_bars': 24, 'cooldown': 4, 'adx_min': 0, 'be_after_r': 0.5, 'trailing': False}","{'strat': 'momentum', 'rsi_l': (30, 60), 'rsi_s': (42, 72), 'sl_m': 1.0, 'tp_m': 2.0, 'max_bars': 24, 'cooldown': 4, 'adx_min': 0, 'be_after_r': 0.5, 'trailing': False}"
0.0,momentum,284,73,211,56,19.72,0.7289,-11.9982,12.3293,-1.292,0.5761,-0.1941,3.5,9.336219859055417,-4.5878,-7.4104,18.38,20.95,136,148,"{'strat': 'momentum', 'rsi_l': (30, 60), 'rsi_s': (42, 72), 'sl_m': 1.0, 'tp_m': 2.0, 'max_bars': 24, 'cooldown': 4, 'adx_min': 15, 'be_after_r': 0.5, 'trailing': False}","{'strat': 'momentum', 'rsi_l': (30, 60), 'rsi_s': (42, 72), 'sl_m': 1.0, 'tp_m': 2.0, 'max_bars': 24, 'cooldown': 4, 'adx_min': 15, 'be_after_r': 0.5, 'trailing': False}"
0.0,momentum,261,65,196,85,32.57,0.7427,-16.5894,15.5483,-1.5239,0.5634,-0.3663,5.6,9.336219859055417,-9.8517,-6.7377,31.54,33.59,130,131,"{'strat': 'momentum', 'rsi_l': (30, 60), 'rsi_s': (42, 72), 'sl_m': 1.0, 'tp_m': 2.0, 'max_bars': 24, 'cooldown': 8, 'adx_min': 0, 'be_after_r': 0.0, 'trailing': False}","{'strat': 'momentum', 'rsi_l': (30, 60), 'rsi_s': (42, 72), 'sl_m': 1.0, 'tp_m': 2.0, 'max_bars': 24, 'cooldown': 8, 'adx_min': 0, 'be_after_r': 0.0, 'trailing': False}"
0.0,momentum,261,65,196,85,32.57,0.7427,-16.5894,15.5483,-1.5239,0.5634,-0.3663,5.6,9.336219859055417,-9.8517,-6.7377,31.54,33.59,130,131,"{'strat': 'momentum', 'rsi_l': (30, 60), 'rsi_s': (42, 72), 'sl_m': 1.0, 'tp_m': 2.0, 'max_bars': 24, 'cooldown': 8, 'adx_min': 15, 'be_after_r': 0.0, 'trailing': False}","{'strat': 'momentum', 'rsi_l': (30, 60), 'rsi_s': (42, 72), 'sl_m': 1.0, 'tp_m': 2.0, 'max_bars': 24, 'cooldown': 8, 'adx_min': 15, 'be_after_r': 0.0, 'trailing': False}"
0.0,momentum,261,65,196,51,19.54,0.76,-9.6615,10.2474,-1.1619,0.5999,-0.1917,3.5,9.336219859055417,-5.3851,-4.2764,16.92,22.14,130,131,"{'strat': 'momentum', 'rsi_l': (30, 60), 'rsi_s': (42, 72), 'sl_m': 1.0, 'tp_m': 2.0, 'max_bars': 24, 'cooldown': 8, 'adx_min': 0, 'be_after_r': 0.5, 'trailing': False}","{'strat': 'momentum', 'rsi_l': (30, 60), 'rsi_s': (42, 72), 'sl_m': 1.0, 'tp_m': 2.0, 'max_bars': 24, 'cooldown': 8, 'adx_min': 0, 'be_after_r': 0.5, 'trailing': False}"
0.0,momentum,261,65,196,51,19.54,0.76,-9.6615,10.2474,-1.1619,0.5999,-0.1917,3.5,9.336219859055417,-5.3851,-4.2764,16.92,22.14,130,131,"{'strat': 'momentum', 'rsi_l': (30, 60), 'rsi_s': (42, 72), 'sl_m': 1.0, 'tp_m': 2.0, 'max_bars': 24, 'cooldown': 8, 'adx_min': 15, 'be_after_r': 0.5, 'trailing': False}","{'strat': 'momentum', 'rsi_l': (30, 60), 'rsi_s': (42, 72), 'sl_m': 1.0, 'tp_m': 2.0, 'max_bars': 24, 'cooldown': 8, 'adx_min': 15, 'be_after_r': 0.5, 'trailing': False}"
0.0,momentum,284,73,211,93,32.75,0.7581,-17.1151,16.0203,-1.3684,0.5767,-0.3704,6.1,9.336219859055417,-7.6201,-9.4949,33.09,32.43,136,148,"{'strat': 'momentum', 'rsi_l': (30, 60), 'rsi_s': (42, 72), 'sl_m': 1.0, 'tp_m': 2.0, 'max_bars': 48, 'cooldown': 4, 'adx_min': 0, 'be_after_r': 0.0, 'trailing': False}","{'strat': 'momentum', 'rsi_l': (30, 60), 'rsi_s': (42, 72), 'sl_m': 1.0, 'tp_m': 2.0, 'max_bars': 48, 'cooldown': 4, 'adx_min': 0, 'be_after_r': 0.0, 'trailing': False}"
0.0,momentum,284,73,211,93,32.75,0.7581,-17.1151,16.0203,-1.3684,0.5767,-0.3704,6.1,9.336219859055417,-7.6201,-9.4949,33.09,32.43,136,148,"{'strat': 'momentum', 'rsi_l': (30, 60), 'rsi_s': (42, 72), 'sl_m': 1.0, 'tp_m': 2.0, 'max_bars': 48, 'cooldown': 4, 'adx_min': 15, 'be_after_r': 0.0, 'trailing': False}","{'strat': 'momentum', 'rsi_l': (30, 60), 'rsi_s': (42, 72), 'sl_m': 1.0, 'tp_m': 2.0, 'max_bars': 48, 'cooldown': 4, 'adx_min': 15, 'be_after_r': 0.0, 'trailing': False}"
0.0,momentum,284,73,211,56,19.72,0.7289,-11.9982,12.3293,-1.292,0.5761,-0.1941,3.5,9.336219859055417,-4.5878,-7.4104,18.38,20.95,136,148,"{'strat': 'momentum', 'rsi_l': (30, 60), 'rsi_s': (42, 72), 'sl_m': 1.0, 'tp_m': 2.0, 'max_bars': 48, 'cooldown': 4, 'adx_min': 0, 'be_after_r': 0.5, 'trailing': False}","{'strat': 'momentum', 'rsi_l': (30, 60), 'rsi_s': (42, 72), 'sl_m': 1.0, 'tp_m': 2.0, 'max_bars': 48, 'cooldown': 4, 'adx_min': 0, 'be_after_r': 0.5, 'trailing': False}"
0.0,momentum,284,73,211,56,19.72,0.7289,-11.9982,12.3293,-1.292,0.5761,-0.1941,3.5,9.336219859055417,-4.5878,-7.4104,18.38,20.95,136,148,"{'strat': 'momentum', 'rsi_l': (30, 60), 'rsi_s': (42, 72), 'sl_m': 1.0, 'tp_m': 2.0, 'max_bars': 48, 'cooldown': 4, 'adx_min': 15, 'be_after_r': 0.5, 'trailing': False}","{'strat': 'momentum', 'rsi_l': (30, 60), 'rsi_s': (42, 72), 'sl_m': 1.0, 'tp_m': 2.0, 'max_bars': 48, 'cooldown': 4, 'adx_min': 15, 'be_after_r': 0.5, 'trailing': False}"
0.0,momentum,261,65,196,85,32.57,0.7803,-14.2707,13.5819,-1.2729,0.5961,-0.369,6.0,9.336219859055417,-9.2658,-5.0049,30.77,34.35,130,131,"{'strat': 'momentum', 'rsi_l': (30, 60), 'rsi_s': (42, 72), 'sl_m': 1.0, 'tp_m': 2.0, 'max_bars': 48, 'cooldown': 8, 'adx_min': 0, 'be_after_r': 0.0, 'trailing': False}","{'strat': 'momentum', 'rsi_l': (30, 60), 'rsi_s': (42, 72), 'sl_m': 1.0, 'tp_m': 2.0, 'max_bars': 48, 'cooldown': 8, 'adx_min': 0, 'be_after_r': 0.0, 'trailing': False}"
0.0,momentum,261,65,196,85,32.57,0.7803,-14.2707,13.5819,-1.2729,0.5961,-0.369,6.0,9.336219859055417,-9.2658,-5.0049,30.77,34.35,130,131,"{'strat': 'momentum', 'rsi_l': (30, 60), 'rsi_s': (42, 72), 'sl_m': 1.0, 'tp_m': 2.0, 'max_bars': 48, 'cooldown': 8, 'adx_min': 15, 'be_after_r': 0.0, 'trailing': False}","{'strat': 'momentum', 'rsi_l': (30, 60), 'rsi_s': (42, 72), 'sl_m': 1.0, 'tp_m': 2.0, 'max_bars': 48, 'cooldown': 8, 'adx_min': 15, 'be_after_r': 0.0, 'trailing': False}"
0.0,momentum,261,65,196,51,19.54,0.76,-9.6615,10.2474,-1.1619,0.5999,-0.1917,3.5,9.336219859055417,-5.3851,-4.2764,16.92,22.14,130,131,"{'strat': 'momentum', 'rsi_l': (30, 60), 'rsi_s': (42, 72), 'sl_m': 1.0, 'tp_m': 2.0, 'max_bars': 48, 'cooldown': 8, 'adx_min': 0, 'be_after_r': 0.5, 'trailing': False}","{'strat': 'momentum', 'rsi_l': (30, 60), 'rsi_s': (42, 72), 'sl_m': 1.0, 'tp_m': 2.0, 'max_bars': 48, 'cooldown': 8, 'adx_min': 0, 'be_after_r': 0.5, 'trailing': False}"
0.0,momentum,261,65,196,51,19.54,0.76,-9.6615,10.2474,-1.1619,0.5999,-0.1917,3.5,9.336219859055417,-5.3851,-4.2764,16.92,22.14,130,131,"{'strat': 'momentum', 'rsi_l': (30, 60), 'rsi_s': (42, 72), 'sl_m': 1.0, 'tp_m': 2.0, 'max_bars': 48, 'cooldown': 8, 'adx_min': 15, 'be_after_r': 0.5, 'trailing': False}","{'strat': 'momentum', 'rsi_l': (30, 60), 'rsi_s': (42, 72), 'sl_m': 1.0, 'tp_m': 2.0, 'max_bars': 48, 'cooldown': 8, 'adx_min': 15, 'be_after_r': 0.5, 'trailing': False}"
0.0,momentum,284,73,211,83,29.23,0.728,-19.9502,18.4253,-1.5149,0.6432,-0.3648,6.9,9.336219859055417,-4.2563,-15.6939,32.35,26.35,136,148,"{'strat': 'momentum', 'rsi_l': (30, 60), 'rsi_s': (42, 72), 'sl_m': 1.0, 'tp_m': 2.5, 'max_bars': 24, 'cooldown': 4, 'adx_min': 0, 'be_after_r': 0.0, 'trailing': False}","{'strat': 'momentum', 'rsi_l': (30, 60), 'rsi_s': (42, 72), 'sl_m': 1.0, 'tp_m': 2.5, 'max_bars': 24, 'cooldown': 4, 'adx_min': 0, 'be_after_r': 0.0, 'trailing': False}"
0.0,momentum,284,73,211,83,29.23,0.728,-19.9502,18.4253,-1.5149,0.6432,-0.3648,6.9,9.336219859055417,-4.2563,-15.6939,32.35,26.35,136,148,"{'strat': 'momentum', 'rsi_l': (30, 60), 'rsi_s': (42, 72), 'sl_m': 1.0, 'tp_m': 2.5, 'max_bars': 24, 'cooldown': 4, 'adx_min': 15, 'be_after_r': 0.0, 'trailing': False}","{'strat': 'momentum', 'rsi_l': (30, 60), 'rsi_s': (42, 72), 'sl_m': 1.0, 'tp_m': 2.5, 'max_bars': 24, 'cooldown': 4, 'adx_min': 15, 'be_after_r': 0.0, 'trailing': False}"
0.0,momentum,284,73,211,43,15.14,0.692,-13.8569,15.5731,-1.4133,0.724,-0.1867,4.2,9.336219859055417,-1.9389,-11.918,16.18,14.19,136,148,"{'strat': 'momentum', 'rsi_l': (30, 60), 'rsi_s': (42, 72), 'sl_m': 1.0, 'tp_m': 2.5, 'max_bars': 24, 'cooldown': 4, 'adx_min': 0, 'be_after_r': 0.5, 'trailing': False}","{'strat': 'momentum', 'rsi_l': (30, 60), 'rsi_s': (42, 72), 'sl_m': 1.0, 'tp_m': 2.5, 'max_bars': 24, 'cooldown': 4, 'adx_min': 0, 'be_after_r': 0.5, 'trailing': False}"
0.0,momentum,284,73,211,43,15.14,0.692,-13.8569,15.5731,-1.4133,0.724,-0.1867,4.2,9.336219859055417,-1.9389,-11.918,16.18,14.19,136,148,"{'strat': 'momentum', 'rsi_l': (30, 60), 'rsi_s': (42, 72), 'sl_m': 1.0, 'tp_m': 2.5, 'max_bars': 24, 'cooldown': 4, 'adx_min': 15, 'be_after_r': 0.5, 'trailing': False}","{'strat': 'momentum', 'rsi_l': (30, 60), 'rsi_s': (42, 72), 'sl_m': 1.0, 'tp_m': 2.5, 'max_bars': 24, 'cooldown': 4, 'adx_min': 15, 'be_after_r': 0.5, 'trailing': False}"
0.0,momentum,261,65,196,75,28.74,0.7342,-18.1357,16.9174,-1.5323,0.668,-0.3668,6.8,9.336219859055417,-6.5277,-11.608,30.0,27.48,130,131,"{'strat': 'momentum', 'rsi_l': (30, 60), 'rsi_s': (42, 72), 'sl_m': 1.0, 'tp_m': 2.5, 'max_bars': 24, 'cooldown': 8, 'adx_min': 0, 'be_after_r': 0.0, 'trailing': False}","{'strat': 'momentum', 'rsi_l': (30, 60), 'rsi_s': (42, 72), 'sl_m': 1.0, 'tp_m': 2.5, 'max_bars': 24, 'cooldown': 8, 'adx_min': 0, 'be_after_r': 0.0, 'trailing': False}"
0.0,momentum,261,65,196,75,28.74,0.7342,-18.1357,16.9174,-1.5323,0.668,-0.3668,6.8,9.336219859055417,-6.5277,-11.608,30.0,27.48,130,131,"{'strat': 'momentum', 'rsi_l': (30, 60), 'rsi_s': (42, 72), 'sl_m': 1.0, 'tp_m': 2.5, 'max_bars': 24, 'cooldown': 8, 'adx_min': 15, 'be_after_r': 0.0, 'trailing': False}","{'strat': 'momentum', 'rsi_l': (30, 60), 'rsi_s': (42, 72), 'sl_m': 1.0, 'tp_m': 2.5, 'max_bars': 24, 'cooldown': 8, 'adx_min': 15, 'be_after_r': 0.0, 'trailing': False}"
0.0,momentum,261,65,196,39,14.94,0.7124,-11.7723,13.608,-1.3425,0.7476,-0.1844,4.1,9.336219859055417,-3.1498,-8.6225,14.62,15.27,130,131,"{'strat': 'momentum', 'rsi_l': (30, 60), 'rsi_s': (42, 72), 'sl_m': 1.0, 'tp_m': 2.5, 'max_bars': 24, 'cooldown': 8, 'adx_min': 0, 'be_after_r': 0.5, 'trailing': False}","{'strat': 'momentum', 'rsi_l': (30, 60), 'rsi_s': (42, 72), 'sl_m': 1.0, 'tp_m': 2.5, 'max_bars': 24, 'cooldown': 8, 'adx_min': 0, 'be_after_r': 0.5, 'trailing': False}"
0.0,momentum,261,65,196,39,14.94,0.7124,-11.7723,13.608,-1.3425,0.7476,-0.1844,4.1,9.336219859055417,-3.1498,-8.6225,14.62,15.27,130,131,"{'strat': 'momentum', 'rsi_l': (30, 60), 'rsi_s': (42, 72), 'sl_m': 1.0, 'tp_m': 2.5, 'max_bars': 24, 'cooldown': 8, 'adx_min': 15, 'be_after_r': 0.5, 'trailing': False}","{'strat': 'momentum', 'rsi_l': (30, 60), 'rsi_s': (42, 72), 'sl_m': 1.0, 'tp_m': 2.5, 'max_bars': 24, 'cooldown': 8, 'adx_min': 15, 'be_after_r': 0.5, 'trailing': False}"
0.0,momentum,284,73,211,81,28.52,0.7673,-17.4947,16.4258,-1.2695,0.712,-0.3703,7.5,9.336219859055417,-4.1424,-13.3523,30.88,26.35,136,148,"{'strat': 'momentum', 'rsi_l': (30, 60), 'rsi_s': (42, 72), 'sl_m': 1.0, 'tp_m': 2.5, 'max_bars': 48, 'cooldown': 4, 'adx_min': 0, 'be_after_r': 0.0, 'trailing': False}","{'strat': 'momentum', 'rsi_l': (30, 60), 'rsi_s': (42, 72), 'sl_m': 1.0, 'tp_m': 2.5, 'max_bars': 48, 'cooldown': 4, 'adx_min': 0, 'be_after_r': 0.0, 'trailing': False}"
0.0,momentum,284,73,211,81,28.52,0.7673,-17.4947,16.4258,-1.2695,0.712,-0.3703,7.5,9.336219859055417,-4.1424,-13.3523,30.88,26.35,136,148,"{'strat': 'momentum', 'rsi_l': (30, 60), 'rsi_s': (42, 72), 'sl_m': 1.0, 'tp_m': 2.5, 'max_bars': 48, 'cooldown': 4, 'adx_min': 15, 'be_after_r': 0.0, 'trailing': False}","{'strat': 'momentum', 'rsi_l': (30, 60), 'rsi_s': (42, 72), 'sl_m': 1.0, 'tp_m': 2.5, 'max_bars': 48, 'cooldown': 4, 'adx_min': 15, 'be_after_r': 0.0, 'trailing': False}"
0.0,momentum,284,73,211,43,15.14,0.6989,-13.5465,15.3131,-1.3713,0.7312,-0.1867,4.2,9.336219859055417,-1.9389,-11.6076,16.18,14.19,136,148,"{'strat': 'momentum', 'rsi_l': (30, 60), 'rsi_s': (42, 72), 'sl_m': 1.0, 'tp_m': 2.5, 'max_bars': 48, 'cooldown': 4, 'adx_min': 0, 'be_after_r': 0.5, 'trailing': False}","{'strat': 'momentum', 'rsi_l': (30, 60), 'rsi_s': (42, 72), 'sl_m': 1.0, 'tp_m': 2.5, 'max_bars': 48, 'cooldown': 4, 'adx_min': 0, 'be_after_r': 0.5, 'trailing': False}"
0.0,momentum,284,73,211,43,15.14,0.6989,-13.5465,15.3131,-1.3713,0.7312,-0.1867,4.2,9.336219859055417,-1.9389,-11.6076,16.18,14.19,136,148,"{'strat': 'momentum', 'rsi_l': (30, 60), 'rsi_s': (42, 72), 'sl_m': 1.0, 'tp_m': 2.5, 'max_bars': 48, 'cooldown': 4, 'adx_min': 15, 'be_after_r': 0.5, 'trailing': False}","{'strat': 'momentum', 'rsi_l': (30, 60), 'rsi_s': (42, 72), 'sl_m': 1.0, 'tp_m': 2.5, 'max_bars': 48, 'cooldown': 4, 'adx_min': 15, 'be_after_r': 0.5, 'trailing': False}"
0.0,momentum,261,65,196,74,28.35,0.7808,-15.1725,14.4442,-1.2286,0.7303,-0.3701,7.3,9.336219859055417,-6.4137,-8.7588,28.46,28.24,130,131,"{'strat': 'momentum', 'rsi_l': (30, 60), 'rsi_s': (42, 72), 'sl_m': 1.0, 'tp_m': 2.5, 'max_bars': 48, 'cooldown': 8, 'adx_min': 0, 'be_after_r': 0.0, 'trailing': False}","{'strat': 'momentum', 'rsi_l': (30, 60), 'rsi_s': (42, 72), 'sl_m': 1.0, 'tp_m': 2.5, 'max_bars': 48, 'cooldown': 8, 'adx_min': 0, 'be_after_r': 0.0, 'trailing': False}"
0.0,momentum,261,65,196,74,28.35,0.7808,-15.1725,14.4442,-1.2286,0.7303,-0.3701,7.3,9.336219859055417,-6.4137,-8.7588,28.46,28.24,130,131,"{'strat': 'momentum', 'rsi_l': (30, 60), 'rsi_s': (42, 72), 'sl_m': 1.0, 'tp_m': 2.5, 'max_bars': 48, 'cooldown': 8, 'adx_min': 15, 'be_after_r': 0.0, 'trailing': False}","{'strat': 'momentum', 'rsi_l': (30, 60), 'rsi_s': (42, 72), 'sl_m': 1.0, 'tp_m': 2.5, 'max_bars': 48, 'cooldown': 8, 'adx_min': 15, 'be_after_r': 0.0, 'trailing': False}"
0.0,momentum,261,65,196,39,14.94,0.72,-11.4619,13.342,-1.2969,0.7556,-0.1844,4.1,9.336219859055417,-3.1498,-8.3121,14.62,15.27,130,131,"{'strat': 'momentum', 'rsi_l': (30, 60), 'rsi_s': (42, 72), 'sl_m': 1.0, 'tp_m': 2.5, 'max_bars': 48, 'cooldown': 8, 'adx_min': 0, 'be_after_r': 0.5, 'trailing': False}","{'strat': 'momentum', 'rsi_l': (30, 60), 'rsi_s': (42, 72), 'sl_m': 1.0, 'tp_m': 2.5, 'max_bars': 48, 'cooldown': 8, 'adx_min': 0, 'be_after_r': 0.5, 'trailing': False}"
0.0,momentum,261,65,196,39,14.94,0.72,-11.4619,13.342,-1.2969,0.7556,-0.1844,4.1,9.336219859055417,-3.1498,-8.3121,14.62,15.27,130,131,"{'strat': 'momentum', 'rsi_l': (30, 60), 'rsi_s': (42, 72), 'sl_m': 1.0, 'tp_m': 2.5, 'max_bars': 48, 'cooldown': 8, 'adx_min': 15, 'be_after_r': 0.5, 'trailing': False}","{'strat': 'momentum', 'rsi_l': (30, 60), 'rsi_s': (42, 72), 'sl_m': 1.0, 'tp_m': 2.5, 'max_bars': 48, 'cooldown': 8, 'adx_min': 15, 'be_after_r': 0.5, 'trailing': False}"
0.0,momentum,141,75,66,45,31.91,0.6401,-10.2792,9.8552,-3.1762,0.4062,-0.2975,4.1,9.336219859055417,-7.4316,-2.8477,30.77,32.89,65,76,"{'strat': 'momentum', 'rsi_l': (30, 60), 'rsi_s': (45, 75), 'sl_m': 0.75, 'tp_m': 1.5, 'max_bars': 24, 'cooldown': 4, 'adx_min': 0, 'be_after_r': 0.0, 'trailing': False}","{'strat': 'momentum', 'rsi_l': (30, 60), 'rsi_s': (45, 75), 'sl_m': 0.75, 'tp_m': 1.5, 'max_bars': 24, 'cooldown': 4, 'adx_min': 0, 'be_after_r': 0.0, 'trailing': False}"
0.0,momentum,141,75,66,45,31.91,0.6401,-10.2792,9.8552,-3.1762,0.4062,-0.2975,4.1,9.336219859055417,-7.4316,-2.8477,30.77,32.89,65,76,"{'strat': 'momentum', 'rsi_l': (30, 60), 'rsi_s': (45, 75), 'sl_m': 0.75, 'tp_m': 1.5, 'max_bars': 24, 'cooldown': 4, 'adx_min': 15, 'be_after_r': 0.0, 'trailing': False}","{'strat': 'momentum', 'rsi_l': (30, 60), 'rsi_s': (45, 75), 'sl_m': 0.75, 'tp_m': 1.5, 'max_bars': 24, 'cooldown': 4, 'adx_min': 15, 'be_after_r': 0.0, 'trailing': False}"
0.0,momentum,141,75,66,30,21.28,0.6124,-8.0624,8.4679,-3.0979,0.4246,-0.1874,2.8,9.336219859055417,-4.0118,-4.0506,23.08,19.74,65,76,"{'strat': 'momentum', 'rsi_l': (30, 60), 'rsi_s': (45, 75), 'sl_m': 0.75, 'tp_m': 1.5, 'max_bars': 24, 'cooldown': 4, 'adx_min': 0, 'be_after_r': 0.5, 'trailing': False}","{'strat': 'momentum', 'rsi_l': (30, 60), 'rsi_s': (45, 75), 'sl_m': 0.75, 'tp_m': 1.5, 'max_bars': 24, 'cooldown': 4, 'adx_min': 0, 'be_after_r': 0.5, 'trailing': False}"
0.0,momentum,141,75,66,30,21.28,0.6124,-8.0624,8.4679,-3.0979,0.4246,-0.1874,2.8,9.336219859055417,-4.0118,-4.0506,23.08,19.74,65,76,"{'strat': 'momentum', 'rsi_l': (30, 60), 'rsi_s': (45, 75), 'sl_m': 0.75, 'tp_m': 1.5, 'max_bars': 24, 'cooldown': 4, 'adx_min': 15, 'be_after_r': 0.5, 'trailing': False}","{'strat': 'momentum', 'rsi_l': (30, 60), 'rsi_s': (45, 75), 'sl_m': 0.75, 'tp_m': 1.5, 'max_bars': 24, 'cooldown': 4, 'adx_min': 15, 'be_after_r': 0.5, 'trailing': False}"
0.0,momentum,138,73,65,44,31.88,0.6356,-10.1774,9.761,-3.259,0.4034,-0.2971,4.1,9.336219859055417,-6.9847,-3.1927,31.25,32.43,64,74,"{'strat': 'momentum', 'rsi_l': (30, 60), 'rsi_s': (45, 75), 'sl_m': 0.75, 'tp_m': 1.5, 'max_bars': 24, 'cooldown': 8, 'adx_min': 0, 'be_after_r': 0.0, 'trailing': False}","{'strat': 'momentum', 'rsi_l': (30, 60), 'rsi_s': (45, 75), 'sl_m': 0.75, 'tp_m': 1.5, 'max_bars': 24, 'cooldown': 8, 'adx_min': 0, 'be_after_r': 0.0, 'trailing': False}"
0.0,momentum,138,73,65,44,31.88,0.6356,-10.1774,9.761,-3.259,0.4034,-0.2971,4.1,9.336219859055417,-6.9847,-3.1927,31.25,32.43,64,74,"{'strat': 'momentum', 'rsi_l': (30, 60), 'rsi_s': (45, 75), 'sl_m': 0.75, 'tp_m': 1.5, 'max_bars': 24, 'cooldown': 8, 'adx_min': 15, 'be_after_r': 0.0, 'trailing': False}","{'strat': 'momentum', 'rsi_l': (30, 60), 'rsi_s': (45, 75), 'sl_m': 0.75, 'tp_m': 1.5, 'max_bars': 24, 'cooldown': 8, 'adx_min': 15, 'be_after_r': 0.0, 'trailing': False}"
0.0,momentum,138,73,65,30,21.74,0.6333,-7.3747,7.8352,-2.9162,0.4246,-0.1862,2.8,9.336219859055417,-3.5649,-3.8098,23.44,20.27,64,74,"{'strat': 'momentum', 'rsi_l': (30, 60), 'rsi_s': (45, 75), 'sl_m': 0.75, 'tp_m': 1.5, 'max_bars': 24, 'cooldown': 8, 'adx_min': 0, 'be_after_r': 0.5, 'trailing': False}","{'strat': 'momentum', 'rsi_l': (30, 60), 'rsi_s': (45, 75), 'sl_m': 0.75, 'tp_m': 1.5, 'max_bars': 24, 'cooldown': 8, 'adx_min': 0, 'be_after_r': 0.5, 'trailing': False}"
0.0,momentum,138,73,65,30,21.74,0.6333,-7.3747,7.8352,-2.9162,0.4246,-0.1862,2.8,9.336219859055417,-3.5649,-3.8098,23.44,20.27,64,74,"{'strat': 'momentum', 'rsi_l': (30, 60), 'rsi_s': (45, 75), 'sl_m': 0.75, 'tp_m': 1.5, 'max_bars': 24, 'cooldown': 8, 'adx_min': 15, 'be_after_r': 0.5, 'trailing': False}","{'strat': 'momentum', 'rsi_l': (30, 60), 'rsi_s': (45, 75), 'sl_m': 0.75, 'tp_m': 1.5, 'max_bars': 24, 'cooldown': 8, 'adx_min': 15, 'be_after_r': 0.5, 'trailing': False}"
0.0,momentum,141,75,66,46,32.62,0.7051,-8.3211,8.178,-2.4678,0.4326,-0.297,4.4,9.336219859055417,-7.4316,-0.8895,30.77,34.21,65,76,"{'strat': 'momentum', 'rsi_l': (30, 60), 'rsi_s': (45, 75), 'sl_m': 0.75, 'tp_m': 1.5, 'max_bars': 48, 'cooldown': 4, 'adx_min': 0, 'be_after_r': 0.0, 'trailing': False}","{'strat': 'momentum', 'rsi_l': (30, 60), 'rsi_s': (45, 75), 'sl_m': 0.75, 'tp_m': 1.5, 'max_bars': 48, 'cooldown': 4, 'adx_min': 0, 'be_after_r': 0.0, 'trailing': False}"
0.0,momentum,141,75,66,46,32.62,0.7051,-8.3211,8.178,-2.4678,0.4326,-0.297,4.4,9.336219859055417,-7.4316,-0.8895,30.77,34.21,65,76,"{'strat': 'momentum', 'rsi_l': (30, 60), 'rsi_s': (45, 75), 'sl_m': 0.75, 'tp_m': 1.5, 'max_bars': 48, 'cooldown': 4, 'adx_min': 15, 'be_after_r': 0.0, 'trailing': False}","{'strat': 'momentum', 'rsi_l': (30, 60), 'rsi_s': (45, 75), 'sl_m': 0.75, 'tp_m': 1.5, 'max_bars': 48, 'cooldown': 4, 'adx_min': 15, 'be_after_r': 0.0, 'trailing': False}"
0.0,momentum,141,75,66,30,21.28,0.6124,-8.0624,8.4679,-3.0979,0.4246,-0.1874,2.8,9.336219859055417,-4.0118,-4.0506,23.08,19.74,65,76,"{'strat': 'momentum', 'rsi_l': (30, 60), 'rsi_s': (45, 75), 'sl_m': 0.75, 'tp_m': 1.5, 'max_bars': 48, 'cooldown': 4, 'adx_min': 0, 'be_after_r': 0.5, 'trailing': False}","{'strat': 'momentum', 'rsi_l': (30, 60), 'rsi_s': (45, 75), 'sl_m': 0.75, 'tp_m': 1.5, 'max_bars': 48, 'cooldown': 4, 'adx_min': 0, 'be_after_r': 0.5, 'trailing': False}"
0.0,momentum,141,75,66,30,21.28,0.6124,-8.0624,8.4679,-3.0979,0.4246,-0.1874,2.8,9.336219859055417,-4.0118,-4.0506,23.08,19.74,65,76,"{'strat': 'momentum', 'rsi_l': (30, 60), 'rsi_s': (45, 75), 'sl_m': 0.75, 'tp_m': 1.5, 'max_bars': 48, 'cooldown': 4, 'adx_min': 15, 'be_after_r': 0.5, 'trailing': False}","{'strat': 'momentum', 'rsi_l': (30, 60), 'rsi_s': (45, 75), 'sl_m': 0.75, 'tp_m': 1.5, 'max_bars': 48, 'cooldown': 4, 'adx_min': 15, 'be_after_r': 0.5, 'trailing': False}"
0.0,momentum,138,73,65,45,32.61,0.7021,-8.2193,7.9826,-2.5231,0.4304,-0.2966,4.3,9.336219859055417,-6.9847,-1.2346,31.25,33.78,64,74,"{'strat': 'momentum', 'rsi_l': (30, 60), 'rsi_s': (45, 75), 'sl_m': 0.75, 'tp_m': 1.5, 'max_bars': 48, 'cooldown': 8, 'adx_min': 0, 'be_after_r': 0.0, 'trailing': False}","{'strat': 'momentum', 'rsi_l': (30, 60), 'rsi_s': (45, 75), 'sl_m': 0.75, 'tp_m': 1.5, 'max_bars': 48, 'cooldown': 8, 'adx_min': 0, 'be_after_r': 0.0, 'trailing': False}"
0.0,momentum,138,73,65,45,32.61,0.7021,-8.2193,7.9826,-2.5231,0.4304,-0.2966,4.3,9.336219859055417,-6.9847,-1.2346,31.25,33.78,64,74,"{'strat': 'momentum', 'rsi_l': (30, 60), 'rsi_s': (45, 75), 'sl_m': 0.75, 'tp_m': 1.5, 'max_bars': 48, 'cooldown': 8, 'adx_min': 15, 'be_after_r': 0.0, 'trailing': False}","{'strat': 'momentum', 'rsi_l': (30, 60), 'rsi_s': (45, 75), 'sl_m': 0.75, 'tp_m': 1.5, 'max_bars': 48, 'cooldown': 8, 'adx_min': 15, 'be_after_r': 0.0, 'trailing': False}"
0.0,momentum,138,73,65,30,21.74,0.6333,-7.3747,7.8352,-2.9162,0.4246,-0.1862,2.8,9.336219859055417,-3.5649,-3.8098,23.44,20.27,64,74,"{'strat': 'momentum', 'rsi_l': (30, 60), 'rsi_s': (45, 75), 'sl_m': 0.75, 'tp_m': 1.5, 'max_bars': 48, 'cooldown': 8, 'adx_min': 0, 'be_after_r': 0.5, 'trailing': False}","{'strat': 'momentum', 'rsi_l': (30, 60), 'rsi_s': (45, 75), 'sl_m': 0.75, 'tp_m': 1.5, 'max_bars': 48, 'cooldown': 8, 'adx_min': 0, 'be_after_r': 0.5, 'trailing': False}"
0.0,momentum,138,73,65,30,21.74,0.6333,-7.3747,7.8352,-2.9162,0.4246,-0.1862,2.8,9.336219859055417,-3.5649,-3.8098,23.44,20.27,64,74,"{'strat': 'momentum', 'rsi_l': (30, 60), 'rsi_s': (45, 75), 'sl_m': 0.75, 'tp_m': 1.5, 'max_bars': 48, 'cooldown': 8, 'adx_min': 15, 'be_after_r': 0.5, 'trailing': False}","{'strat': 'momentum', 'rsi_l': (30, 60), 'rsi_s': (45, 75), 'sl_m': 0.75, 'tp_m': 1.5, 'max_bars': 48, 'cooldown': 8, 'adx_min': 15, 'be_after_r': 0.5, 'trailing': False}"
0.0,momentum,141,75,66,50,35.46,0.7496,-8.6122,8.8598,-2.0269,0.5156,-0.3779,6.1,9.336219859055417,-4.8375,-3.7747,35.38,35.53,65,76,"{'strat': 'momentum', 'rsi_l': (30, 60), 'rsi_s': (45, 75), 'sl_m': 1.0, 'tp_m': 2.0, 'max_bars': 24, 'cooldown': 4, 'adx_min': 0, 'be_after_r': 0.0, 'trailing': False}","{'strat': 'momentum', 'rsi_l': (30, 60), 'rsi_s': (45, 75), 'sl_m': 1.0, 'tp_m': 2.0, 'max_bars': 24, 'cooldown': 4, 'adx_min': 0, 'be_after_r': 0.0, 'trailing': False}"
0.0,momentum,141,75,66,50,35.46,0.7496,-8.6122,8.8598,-2.0269,0.5156,-0.3779,6.1,9.336219859055417,-4.8375,-3.7747,35.38,35.53,65,76,"{'strat': 'momentum', 'rsi_l': (30, 60), 'rsi_s': (45, 75), 'sl_m': 1.0, 'tp_m': 2.0, 'max_bars': 24, 'cooldown': 4, 'adx_min': 15, 'be_after_r': 0.0, 'trailing': False}","{'strat': 'momentum', 'rsi_l': (30, 60), 'rsi_s': (45, 75), 'sl_m': 1.0, 'tp_m': 2.0, 'max_bars': 24, 'cooldown': 4, 'adx_min': 15, 'be_after_r': 0.0, 'trailing': False}"
0.0,momentum,141,75,66,26,18.44,0.6667,-7.6487,9.0068,-2.3801,0.5885,-0.1996,3.6,9.336219859055417,-3.2911,-4.3576,18.46,18.42,65,76,"{'strat': 'momentum', 'rsi_l': (30, 60), 'rsi_s': (45, 75), 'sl_m': 1.0, 'tp_m': 2.0, 'max_bars': 24, 'cooldown': 4, 'adx_min': 0, 'be_after_r': 0.5, 'trailing': False}","{'strat': 'momentum', 'rsi_l': (30, 60), 'rsi_s': (45, 75), 'sl_m': 1.0, 'tp_m': 2.0, 'max_bars': 24, 'cooldown': 4, 'adx_min': 0, 'be_after_r': 0.5, 'trailing': False}"
0.0,momentum,141,75,66,26,18.44,0.6667,-7.6487,9.0068,-2.3801,0.5885,-0.1996,3.6,9.336219859055417,-3.2911,-4.3576,18.46,18.42,65,76,"{'strat': 'momentum', 'rsi_l': (30, 60), 'rsi_s': (45, 75), 'sl_m': 1.0, 'tp_m': 2.0, 'max_bars': 24, 'cooldown': 4, 'adx_min': 15, 'be_after_r': 0.5, 'trailing': False}","{'strat': 'momentum', 'rsi_l': (30, 60), 'rsi_s': (45, 75), 'sl_m': 1.0, 'tp_m': 2.0, 'max_bars': 24, 'cooldown': 4, 'adx_min': 15, 'be_after_r': 0.5, 'trailing': False}"
0.0,momentum,138,73,65,49,35.51,0.7617,-8.0025,8.3005,-1.9354,0.5221,-0.3774,6.0,9.336219859055417,-4.2603,-3.7422,35.94,35.14,64,74,"{'strat': 'momentum', 'rsi_l': (30, 60), 'rsi_s': (45, 75), 'sl_m': 1.0, 'tp_m': 2.0, 'max_bars': 24, 'cooldown': 8, 'adx_min': 0, 'be_after_r': 0.0, 'trailing': False}","{'strat': 'momentum', 'rsi_l': (30, 60), 'rsi_s': (45, 75), 'sl_m': 1.0, 'tp_m': 2.0, 'max_bars': 24, 'cooldown': 8, 'adx_min': 0, 'be_after_r': 0.0, 'trailing': False}"
0.0,momentum,138,73,65,49,35.51,0.7617,-8.0025,8.3005,-1.9354,0.5221,-0.3774,6.0,9.336219859055417,-4.2603,-3.7422,35.94,35.14,64,74,"{'strat': 'momentum', 'rsi_l': (30, 60), 'rsi_s': (45, 75), 'sl_m': 1.0, 'tp_m': 2.0, 'max_bars': 24, 'cooldown': 8, 'adx_min': 15, 'be_after_r': 0.0, 'trailing': False}","{'strat': 'momentum', 'rsi_l': (30, 60), 'rsi_s': (45, 75), 'sl_m': 1.0, 'tp_m': 2.0, 'max_bars': 24, 'cooldown': 8, 'adx_min': 15, 'be_after_r': 0.0, 'trailing': False}"
0.0,momentum,138,73,65,26,18.84,0.6927,-6.7878,8.4272,-2.1766,0.5885,-0.1972,3.6,9.336219859055417,-2.7139,-4.0739,18.75,18.92,64,74,"{'strat': 'momentum', 'rsi_l': (30, 60), 'rsi_s': (45, 75), 'sl_m': 1.0, 'tp_m': 2.0, 'max_bars': 24, 'cooldown': 8, 'adx_min': 0, 'be_after_r': 0.5, 'trailing': False}","{'strat': 'momentum', 'rsi_l': (30, 60), 'rsi_s': (45, 75), 'sl_m': 1.0, 'tp_m': 2.0, 'max_bars': 24, 'cooldown': 8, 'adx_min': 0, 'be_after_r': 0.5, 'trailing': False}"
0.0,momentum,138,73,65,26,18.84,0.6927,-6.7878,8.4272,-2.1766,0.5885,-0.1972,3.6,9.336219859055417,-2.7139,-4.0739,18.75,18.92,64,74,"{'strat': 'momentum', 'rsi_l': (30, 60), 'rsi_s': (45, 75), 'sl_m': 1.0, 'tp_m': 2.0, 'max_bars': 24, 'cooldown': 8, 'adx_min': 15, 'be_after_r': 0.5, 'trailing': False}","{'strat': 'momentum', 'rsi_l': (30, 60), 'rsi_s': (45, 75), 'sl_m': 1.0, 'tp_m': 2.0, 'max_bars': 24, 'cooldown': 8, 'adx_min': 15, 'be_after_r': 0.5, 'trailing': False}"
0.0,momentum,141,75,66,49,34.75,0.8044,-6.8306,7.2359,-1.5294,0.5733,-0.3796,6.6,9.336219859055417,-3.9809,-2.8497,35.38,34.21,65,76,"{'strat': 'momentum', 'rsi_l': (30, 60), 'rsi_s': (45, 75), 'sl_m': 1.0, 'tp_m': 2.0, 'max_bars': 48, 'cooldown': 4, 'adx_min': 0, 'be_after_r': 0.0, 'trailing': False}","{'strat': 'momentum', 'rsi_l': (30, 60), 'rsi_s': (45, 75), 'sl_m': 1.0, 'tp_m': 2.0, 'max_bars': 48, 'cooldown': 4, 'adx_min': 0, 'be_after_r': 0.0, 'trailing': False}"
0.0,momentum,141,75,66,49,34.75,0.8044,-6.8306,7.2359,-1.5294,0.5733,-0.3796,6.6,9.336219859055417,-3.9809,-2.8497,35.38,34.21,65,76,"{'strat': 'momentum', 'rsi_l': (30, 60), 'rsi_s': (45, 75), 'sl_m': 1.0, 'tp_m': 2.0, 'max_bars': 48, 'cooldown': 4, 'adx_min': 15, 'be_after_r': 0.0, 'trailing': False}","{'strat': 'momentum', 'rsi_l': (30, 60), 'rsi_s': (45, 75), 'sl_m': 1.0, 'tp_m': 2.0, 'max_bars': 48, 'cooldown': 4, 'adx_min': 15, 'be_after_r': 0.0, 'trailing': False}"
0.0,momentum,141,75,66,26,18.44,0.6667,-7.6487,9.0068,-2.3801,0.5885,-0.1996,3.6,9.336219859055417,-3.2911,-4.3576,18.46,18.42,65,76,"{'strat': 'momentum', 'rsi_l': (30, 60), 'rsi_s': (45, 75), 'sl_m': 1.0, 'tp_m': 2.0, 'max_bars': 48, 'cooldown': 4, 'adx_min': 0, 'be_after_r': 0.5, 'trailing': False}","{'strat': 'momentum', 'rsi_l': (30, 60), 'rsi_s': (45, 75), 'sl_m': 1.0, 'tp_m': 2.0, 'max_bars': 48, 'cooldown': 4, 'adx_min': 0, 'be_after_r': 0.5, 'trailing': False}"
0.0,momentum,141,75,66,26,18.44,0.6667,-7.6487,9.0068,-2.3801,0.5885,-0.1996,3.6,9.336219859055417,-3.2911,-4.3576,18.46,18.42,65,76,"{'strat': 'momentum', 'rsi_l': (30, 60), 'rsi_s': (45, 75), 'sl_m': 1.0, 'tp_m': 2.0, 'max_bars': 48, 'cooldown': 4, 'adx_min': 15, 'be_after_r': 0.5, 'trailing': False}","{'strat': 'momentum', 'rsi_l': (30, 60), 'rsi_s': (45, 75), 'sl_m': 1.0, 'tp_m': 2.0, 'max_bars': 48, 'cooldown': 4, 'adx_min': 15, 'be_after_r': 0.5, 'trailing': False}"
0.0,momentum,138,73,65,49,35.51,0.8343,-5.5791,6.4543,-1.2851,0.5733,-0.3783,6.5,9.336219859055417,-3.4037,-2.1754,35.94,35.14,64,74,"{'strat': 'momentum', 'rsi_l': (30, 60), 'rsi_s': (45, 75), 'sl_m': 1.0, 'tp_m': 2.0, 'max_bars': 48, 'cooldown': 8, 'adx_min': 0, 'be_after_r': 0.0, 'trailing': False}","{'strat': 'momentum', 'rsi_l': (30, 60), 'rsi_s': (45, 75), 'sl_m': 1.0, 'tp_m': 2.0, 'max_bars': 48, 'cooldown': 8, 'adx_min': 0, 'be_after_r': 0.0, 'trailing': False}"
0.0,momentum,138,73,65,49,35.51,0.8343,-5.5791,6.4543,-1.2851,0.5733,-0.3783,6.5,9.336219859055417,-3.4037,-2.1754,35.94,35.14,64,74,"{'strat': 'momentum', 'rsi_l': (30, 60), 'rsi_s': (45, 75), 'sl_m': 1.0, 'tp_m': 2.0, 'max_bars': 48, 'cooldown': 8, 'adx_min': 15, 'be_after_r': 0.0, 'trailing': False}","{'strat': 'momentum', 'rsi_l': (30, 60), 'rsi_s': (45, 75), 'sl_m': 1.0, 'tp_m': 2.0, 'max_bars': 48, 'cooldown': 8, 'adx_min': 15, 'be_after_r': 0.0, 'trailing': False}"
0.0,momentum,138,73,65,26,18.84,0.6927,-6.7878,8.4272,-2.1766,0.5885,-0.1972,3.6,9.336219859055417,-2.7139,-4.0739,18.75,18.92,64,74,"{'strat': 'momentum', 'rsi_l': (30, 60), 'rsi_s': (45, 75), 'sl_m': 1.0, 'tp_m': 2.0, 'max_bars': 48, 'cooldown': 8, 'adx_min': 0, 'be_after_r': 0.5, 'trailing': False}","{'strat': 'momentum', 'rsi_l': (30, 60), 'rsi_s': (45, 75), 'sl_m': 1.0, 'tp_m': 2.0, 'max_bars': 48, 'cooldown': 8, 'adx_min': 0, 'be_after_r': 0.5, 'trailing': False}"
0.0,momentum,138,73,65,26,18.84,0.6927,-6.7878,8.4272,-2.1766,0.5885,-0.1972,3.6,9.336219859055417,-2.7139,-4.0739,18.75,18.92,64,74,"{'strat': 'momentum', 'rsi_l': (30, 60), 'rsi_s': (45, 75), 'sl_m': 1.0, 'tp_m': 2.0, 'max_bars': 48, 'cooldown': 8, 'adx_min': 15, 'be_after_r': 0.5, 'trailing': False}","{'strat': 'momentum', 'rsi_l': (30, 60), 'rsi_s': (45, 75), 'sl_m': 1.0, 'tp_m': 2.0, 'max_bars': 48, 'cooldown': 8, 'adx_min': 15, 'be_after_r': 0.5, 'trailing': False}"
0.0,momentum,141,75,66,46,32.62,0.8157,-6.5723,8.1804,-1.3936,0.6323,-0.3754,7.2,9.336219859055417,-1.6544,-4.9179,35.38,30.26,65,76,"{'strat': 'momentum', 'rsi_l': (30, 60), 'rsi_s': (45, 75), 'sl_m': 1.0, 'tp_m': 2.5, 'max_bars': 24, 'cooldown': 4, 'adx_min': 0, 'be_after_r': 0.0, 'trailing': False}","{'strat': 'momentum', 'rsi_l': (30, 60), 'rsi_s': (45, 75), 'sl_m': 1.0, 'tp_m': 2.5, 'max_bars': 24, 'cooldown': 4, 'adx_min': 0, 'be_after_r': 0.0, 'trailing': False}"
0.0,momentum,141,75,66,46,32.62,0.8157,-6.5723,8.1804,-1.3936,0.6323,-0.3754,7.2,9.336219859055417,-1.6544,-4.9179,35.38,30.26,65,76,"{'strat': 'momentum', 'rsi_l': (30, 60), 'rsi_s': (45, 75), 'sl_m': 1.0, 'tp_m': 2.5, 'max_bars': 24, 'cooldown': 4, 'adx_min': 15, 'be_after_r': 0.0, 'trailing': False}","{'strat': 'momentum', 'rsi_l': (30, 60), 'rsi_s': (45, 75), 'sl_m': 1.0, 'tp_m': 2.5, 'max_bars': 24, 'cooldown': 4, 'adx_min': 15, 'be_after_r': 0.0, 'trailing': False}"
0.0,momentum,141,75,66,21,14.89,0.6843,-7.3341,9.2984,-2.0958,0.7569,-0.1936,4.2,9.336219859055417,-1.2623,-6.0718,18.46,11.84,65,76,"{'strat': 'momentum', 'rsi_l': (30, 60), 'rsi_s': (45, 75), 'sl_m': 1.0, 'tp_m': 2.5, 'max_bars': 24, 'cooldown': 4, 'adx_min': 0, 'be_after_r': 0.5, 'trailing': False}","{'strat': 'momentum', 'rsi_l': (30, 60), 'rsi_s': (45, 75), 'sl_m': 1.0, 'tp_m': 2.5, 'max_bars': 24, 'cooldown': 4, 'adx_min': 0, 'be_after_r': 0.5, 'trailing': False}"
0.0,momentum,141,75,66,21,14.89,0.6843,-7.3341,9.2984,-2.0958,0.7569,-0.1936,4.2,9.336219859055417,-1.2623,-6.0718,18.46,11.84,65,76,"{'strat': 'momentum', 'rsi_l': (30, 60), 'rsi_s': (45, 75), 'sl_m': 1.0, 'tp_m': 2.5, 'max_bars': 24, 'cooldown': 4, 'adx_min': 15, 'be_after_r': 0.5, 'trailing': False}","{'strat': 'momentum', 'rsi_l': (30, 60), 'rsi_s': (45, 75), 'sl_m': 1.0, 'tp_m': 2.5, 'max_bars': 24, 'cooldown': 4, 'adx_min': 15, 'be_after_r': 0.5, 'trailing': False}"
0.0,momentum,138,73,65,45,32.61,0.8289,-5.9626,8.1502,-1.298,0.642,-0.3748,7.1,9.336219859055417,-1.0772,-4.8855,35.94,29.73,64,74,"{'strat': 'momentum', 'rsi_l': (30, 60), 'rsi_s': (45, 75), 'sl_m': 1.0, 'tp_m': 2.5, 'max_bars': 24, 'cooldown': 8, 'adx_min': 0, 'be_after_r': 0.0, 'trailing': False}","{'strat': 'momentum', 'rsi_l': (30, 60), 'rsi_s': (45, 75), 'sl_m': 1.0, 'tp_m': 2.5, 'max_bars': 24, 'cooldown': 8, 'adx_min': 0, 'be_after_r': 0.0, 'trailing': False}"
0.0,momentum,138,73,65,45,32.61,0.8289,-5.9626,8.1502,-1.298,0.642,-0.3748,7.1,9.336219859055417,-1.0772,-4.8855,35.94,29.73,64,74,"{'strat': 'momentum', 'rsi_l': (30, 60), 'rsi_s': (45, 75), 'sl_m': 1.0, 'tp_m': 2.5, 'max_bars': 24, 'cooldown': 8, 'adx_min': 15, 'be_after_r': 0.0, 'trailing': False}","{'strat': 'momentum', 'rsi_l': (30, 60), 'rsi_s': (45, 75), 'sl_m': 1.0, 'tp_m': 2.5, 'max_bars': 24, 'cooldown': 8, 'adx_min': 15, 'be_after_r': 0.0, 'trailing': False}"
0.0,momentum,138,73,65,21,15.22,0.7106,-6.4732,8.7104,-1.9037,0.7569,-0.1912,4.2,9.336219859055417,-0.6851,-5.7881,18.75,12.16,64,74,"{'strat': 'momentum', 'rsi_l': (30, 60), 'rsi_s': (45, 75), 'sl_m': 1.0, 'tp_m': 2.5, 'max_bars': 24, 'cooldown': 8, 'adx_min': 0, 'be_after_r': 0.5, 'trailing': False}","{'strat': 'momentum', 'rsi_l': (30, 60), 'rsi_s': (45, 75), 'sl_m': 1.0, 'tp_m': 2.5, 'max_bars': 24, 'cooldown': 8, 'adx_min': 0, 'be_after_r': 0.5, 'trailing': False}"
0.0,momentum,138,73,65,21,15.22,0.7106,-6.4732,8.7104,-1.9037,0.7569,-0.1912,4.2,9.336219859055417,-0.6851,-5.7881,18.75,12.16,64,74,"{'strat': 'momentum', 'rsi_l': (30, 60), 'rsi_s': (45, 75), 'sl_m': 1.0, 'tp_m': 2.5, 'max_bars': 24, 'cooldown': 8, 'adx_min': 15, 'be_after_r': 0.5, 'trailing': False}","{'strat': 'momentum', 'rsi_l': (30, 60), 'rsi_s': (45, 75), 'sl_m': 1.0, 'tp_m': 2.5, 'max_bars': 24, 'cooldown': 8, 'adx_min': 15, 'be_after_r': 0.5, 'trailing': False}"
0.0,momentum,141,75,66,45,31.91,0.8926,-3.8883,5.9997,-0.7757,0.7179,-0.377,7.9,9.336219859055417,-1.3396,-2.5487,35.38,28.95,65,76,"{'strat': 'momentum', 'rsi_l': (30, 60), 'rsi_s': (45, 75), 'sl_m': 1.0, 'tp_m': 2.5, 'max_bars': 48, 'cooldown': 4, 'adx_min': 0, 'be_after_r': 0.0, 'trailing': False}","{'strat': 'momentum', 'rsi_l': (30, 60), 'rsi_s': (45, 75), 'sl_m': 1.0, 'tp_m': 2.5, 'max_bars': 48, 'cooldown': 4, 'adx_min': 0, 'be_after_r': 0.0, 'trailing': False}"
0.0,momentum,141,75,66,45,31.91,0.8926,-3.8883,5.9997,-0.7757,0.7179,-0.377,7.9,9.336219859055417,-1.3396,-2.5487,35.38,28.95,65,76,"{'strat': 'momentum', 'rsi_l': (30, 60), 'rsi_s': (45, 75), 'sl_m': 1.0, 'tp_m': 2.5, 'max_bars': 48, 'cooldown': 4, 'adx_min': 15, 'be_after_r': 0.0, 'trailing': False}","{'strat': 'momentum', 'rsi_l': (30, 60), 'rsi_s': (45, 75), 'sl_m': 1.0, 'tp_m': 2.5, 'max_bars': 48, 'cooldown': 4, 'adx_min': 15, 'be_after_r': 0.0, 'trailing': False}"
0.0,momentum,141,75,66,21,14.89,0.6976,-7.0237,9.0191,-1.9783,0.7717,-0.1936,4.2,9.336219859055417,-1.2623,-5.7614,18.46,11.84,65,76,"{'strat': 'momentum', 'rsi_l': (30, 60), 'rsi_s': (45, 75), 'sl_m': 1.0, 'tp_m': 2.5, 'max_bars': 48, 'cooldown': 4, 'adx_min': 0, 'be_after_r': 0.5, 'trailing': False}","{'strat': 'momentum', 'rsi_l': (30, 60), 'rsi_s': (45, 75), 'sl_m': 1.0, 'tp_m': 2.5, 'max_bars': 48, 'cooldown': 4, 'adx_min': 0, 'be_after_r': 0.5, 'trailing': False}"
0.0,momentum,141,75,66,21,14.89,0.6976,-7.0237,9.0191,-1.9783,0.7717,-0.1936,4.2,9.336219859055417,-1.2623,-5.7614,18.46,11.84,65,76,"{'strat': 'momentum', 'rsi_l': (30, 60), 'rsi_s': (45, 75), 'sl_m': 1.0, 'tp_m': 2.5, 'max_bars': 48, 'cooldown': 4, 'adx_min': 15, 'be_after_r': 0.5, 'trailing': False}","{'strat': 'momentum', 'rsi_l': (30, 60), 'rsi_s': (45, 75), 'sl_m': 1.0, 'tp_m': 2.5, 'max_bars': 48, 'cooldown': 4, 'adx_min': 15, 'be_after_r': 0.5, 'trailing': False}"
0.0,momentum,138,73,65,45,32.61,0.9245,-2.6369,5.3625,-0.5407,0.7179,-0.3757,7.8,9.336219859055417,-0.7625,-1.8744,35.94,29.73,64,74,"{'strat': 'momentum', 'rsi_l': (30, 60), 'rsi_s': (45, 75), 'sl_m': 1.0, 'tp_m': 2.5, 'max_bars': 48, 'cooldown': 8, 'adx_min': 0, 'be_after_r': 0.0, 'trailing': False}","{'strat': 'momentum', 'rsi_l': (30, 60), 'rsi_s': (45, 75), 'sl_m': 1.0, 'tp_m': 2.5, 'max_bars': 48, 'cooldown': 8, 'adx_min': 0, 'be_after_r': 0.0, 'trailing': False}"
0.0,momentum,138,73,65,45,32.61,0.9245,-2.6369,5.3625,-0.5407,0.7179,-0.3757,7.8,9.336219859055417,-0.7625,-1.8744,35.94,29.73,64,74,"{'strat': 'momentum', 'rsi_l': (30, 60), 'rsi_s': (45, 75), 'sl_m': 1.0, 'tp_m': 2.5, 'max_bars': 48, 'cooldown': 8, 'adx_min': 15, 'be_after_r': 0.0, 'trailing': False}","{'strat': 'momentum', 'rsi_l': (30, 60), 'rsi_s': (45, 75), 'sl_m': 1.0, 'tp_m': 2.5, 'max_bars': 48, 'cooldown': 8, 'adx_min': 15, 'be_after_r': 0.0, 'trailing': False}"
0.0,momentum,138,73,65,21,15.22,0.7245,-6.1628,8.4293,-1.7862,0.7717,-0.1912,4.2,9.336219859055417,-0.6851,-5.4777,18.75,12.16,64,74,"{'strat': 'momentum', 'rsi_l': (30, 60), 'rsi_s': (45, 75), 'sl_m': 1.0, 'tp_m': 2.5, 'max_bars': 48, 'cooldown': 8, 'adx_min': 0, 'be_after_r': 0.5, 'trailing': False}","{'strat': 'momentum', 'rsi_l': (30, 60), 'rsi_s': (45, 75), 'sl_m': 1.0, 'tp_m': 2.5, 'max_bars': 48, 'cooldown': 8, 'adx_min': 0, 'be_after_r': 0.5, 'trailing': False}"
0.0,momentum,138,73,65,21,15.22,0.7245,-6.1628,8.4293,-1.7862,0.7717,-0.1912,4.2,9.336219859055417,-0.6851,-5.4777,18.75,12.16,64,74,"{'strat': 'momentum', 'rsi_l': (30, 60), 'rsi_s': (45, 75), 'sl_m': 1.0, 'tp_m': 2.5, 'max_bars': 48, 'cooldown': 8, 'adx_min': 15, 'be_after_r': 0.5, 'trailing': False}","{'strat': 'momentum', 'rsi_l': (30, 60), 'rsi_s': (45, 75), 'sl_m': 1.0, 'tp_m': 2.5, 'max_bars': 48, 'cooldown': 8, 'adx_min': 15, 'be_after_r': 0.5, 'trailing': False}"
